fwer,sensitivity,sm_sigma,snr,n,method
0.0,0.0,0.0,0.0,2,voxelwise_rft
0.0,0.0,0.0,0.1,2,voxelwise_rft
0.0,0.0,0.0,0.25,2,voxelwise_rft
0.0,0.0,0.0,0.5,2,voxelwise_rft
0.05,0.0,0.0,0.75,2,voxelwise_rft
0.0,0.0,0.0,1.0,2,voxelwise_rft
0.05,0.0035398230088495575,0.0,1.25,2,voxelwise_rft
0.1,0.0004424778761061947,0.0,1.5,2,voxelwise_rft
0.05,0.0,0.0,1.75,2,voxelwise_rft
0.1,0.0004424778761061947,0.0,2.0,2,voxelwise_rft
0.1,0.0,0.0,2.25,2,voxelwise_rft
0.05,0.0,0.0,2.5,2,voxelwise_rft
0.05,0.0004424778761061947,0.0,2.75,2,voxelwise_rft
0.1,0.030530973451327437,0.0,3.0,2,voxelwise_rft
0.05,0.0,0.1,0.0,2,voxelwise_rft
0.15,0.004424778761061947,0.1,0.1,2,voxelwise_rft
0.05,0.0,0.1,0.25,2,voxelwise_rft
0.1,0.0,0.1,0.5,2,voxelwise_rft
0.1,0.0,0.1,0.75,2,voxelwise_rft
0.05,0.0,0.1,1.0,2,voxelwise_rft
0.2,0.0008849557522123894,0.1,1.25,2,voxelwise_rft
0.1,0.0,0.1,1.5,2,voxelwise_rft
0.0,0.0,0.1,1.75,2,voxelwise_rft
0.05,0.0,0.1,2.0,2,voxelwise_rft
0.05,0.0,0.1,2.25,2,voxelwise_rft
0.05,0.0004424778761061947,0.1,2.5,2,voxelwise_rft
0.0,0.0,0.1,2.75,2,voxelwise_rft
0.05,0.0,0.1,3.0,2,voxelwise_rft
0.05,0.0,0.25,0.0,2,voxelwise_rft
0.1,0.0,0.25,0.1,2,voxelwise_rft
0.0,0.0,0.25,0.25,2,voxelwise_rft
0.1,0.0,0.25,0.5,2,voxelwise_rft
0.1,0.0,0.25,0.75,2,voxelwise_rft
0.0,0.0,0.25,1.0,2,voxelwise_rft
0.1,0.0003355704697986577,0.25,1.25,2,voxelwise_rft
0.0,0.0,0.25,1.5,2,voxelwise_rft
0.05,0.0006711409395973154,0.25,1.75,2,voxelwise_rft
0.1,0.005704697986577181,0.25,2.0,2,voxelwise_rft
0.1,0.0003355704697986577,0.25,2.25,2,voxelwise_rft
0.05,0.032550335570469796,0.25,2.5,2,voxelwise_rft
0.1,0.0036912751677852353,0.25,2.75,2,voxelwise_rft
0.05,0.0003355704697986577,0.25,3.0,2,voxelwise_rft
0.1,0.00046948356807511736,0.5,0.0,2,voxelwise_rft
0.1,0.00023474178403755868,0.5,0.1,2,voxelwise_rft
0.15,0.0018779342723004694,0.5,0.25,2,voxelwise_rft
0.05,0.0035211267605633804,0.5,0.5,2,voxelwise_rft
0.05,0.0,0.5,0.75,2,voxelwise_rft
0.15,0.00046948356807511736,0.5,1.0,2,voxelwise_rft
0.05,0.00023474178403755868,0.5,1.25,2,voxelwise_rft
0.05,0.003286384976525822,0.5,1.5,2,voxelwise_rft
0.05,0.0,0.5,1.75,2,voxelwise_rft
0.05,0.0,0.5,2.0,2,voxelwise_rft
0.05,0.00023474178403755868,0.5,2.25,2,voxelwise_rft
0.1,0.018779342723004695,0.5,2.5,2,voxelwise_rft
0.1,0.001643192488262911,0.5,2.75,2,voxelwise_rft
0.0,0.00023474178403755868,0.5,3.0,2,voxelwise_rft
0.15,0.0,0.75,0.0,2,voxelwise_rft
0.0,0.00035087719298245617,0.75,0.1,2,voxelwise_rft
0.1,0.013333333333333332,0.75,0.25,2,voxelwise_rft
0.05,0.0,0.75,0.5,2,voxelwise_rft
0.2,0.0,0.75,0.75,2,voxelwise_rft
0.05,0.020701754385964912,0.75,1.0,2,voxelwise_rft
0.1,0.00017543859649122808,0.75,1.25,2,voxelwise_rft
0.0,0.0,0.75,1.5,2,voxelwise_rft
0.2,0.021929824561403508,0.75,1.75,2,voxelwise_rft
0.0,0.0,0.75,2.0,2,voxelwise_rft
0.0,0.0,0.75,2.25,2,voxelwise_rft
0.1,0.01842105263157895,0.75,2.5,2,voxelwise_rft
0.05,0.00035087719298245617,0.75,2.75,2,voxelwise_rft
0.05,0.0005263157894736842,0.75,3.0,2,voxelwise_rft
0.05,0.0,1.0,0.0,2,voxelwise_rft
0.05,0.0,1.0,0.1,2,voxelwise_rft
0.1,0.00014326647564469913,1.0,0.25,2,voxelwise_rft
0.1,0.00014326647564469913,1.0,0.5,2,voxelwise_rft
0.1,0.00028653295128939826,1.0,0.75,2,voxelwise_rft
0.0,0.0,1.0,1.0,2,voxelwise_rft
0.1,0.00014326647564469913,1.0,1.25,2,voxelwise_rft
0.1,0.00014326647564469913,1.0,1.5,2,voxelwise_rft
0.1,0.0,1.0,1.75,2,voxelwise_rft
0.1,0.00014326647564469913,1.0,2.0,2,voxelwise_rft
0.1,0.0004297994269340974,1.0,2.25,2,voxelwise_rft
0.0,0.0,1.0,2.5,2,voxelwise_rft
0.0,0.0,1.0,2.75,2,voxelwise_rft
0.0,0.00028653295128939826,1.0,3.0,2,voxelwise_rft
0.05,0.0,1.25,0.0,2,voxelwise_rft
0.15,0.010606060606060605,1.25,0.1,2,voxelwise_rft
0.05,0.0,1.25,0.25,2,voxelwise_rft
0.0,0.0,1.25,0.5,2,voxelwise_rft
0.05,0.017249417249417247,1.25,0.75,2,voxelwise_rft
0.1,0.003496503496503497,1.25,1.0,2,voxelwise_rft
0.15,0.001282051282051282,1.25,1.25,2,voxelwise_rft
0.1,0.00011655011655011655,1.25,1.5,2,voxelwise_rft
0.05,0.0,1.25,1.75,2,voxelwise_rft
0.15,0.0,1.25,2.0,2,voxelwise_rft
0.1,0.0005827505827505828,1.25,2.25,2,voxelwise_rft
0.1,0.0009324009324009324,1.25,2.5,2,voxelwise_rft
0.0,0.0,1.25,2.75,2,voxelwise_rft
0.05,0.0002331002331002331,1.25,3.0,2,voxelwise_rft
0.15,0.00412573673870334,1.5,0.0,2,voxelwise_rft
0.0,0.0,1.5,0.1,2,voxelwise_rft
0.1,0.0,1.5,0.25,2,voxelwise_rft
0.0,0.0,1.5,0.5,2,voxelwise_rft
0.0,0.00019646365422396856,1.5,0.75,2,voxelwise_rft
0.2,0.024852652259332024,1.5,1.0,2,voxelwise_rft
0.1,0.0007858546168958742,1.5,1.25,2,voxelwise_rft
0.1,0.00019646365422396856,1.5,1.5,2,voxelwise_rft
0.05,0.00019646365422396856,1.5,1.75,2,voxelwise_rft
0.2,0.028880157170923383,1.5,2.0,2,voxelwise_rft
0.05,0.022003929273084477,1.5,2.25,2,voxelwise_rft
0.1,0.0015717092337917485,1.5,2.5,2,voxelwise_rft
0.05,0.00019646365422396856,1.5,2.75,2,voxelwise_rft
0.15,0.0002946954813359528,1.5,3.0,2,voxelwise_rft
0.15,0.0,1.75,0.0,2,voxelwise_rft
0.15,0.0,1.75,0.1,2,voxelwise_rft
0.1,0.0001652892561983471,1.75,0.25,2,voxelwise_rft
0.2,0.0008264462809917355,1.75,0.5,2,voxelwise_rft
0.2,0.0014876033057851239,1.75,0.75,2,voxelwise_rft
0.1,8.264462809917355e-05,1.75,1.0,2,voxelwise_rft
0.1,0.00041322314049586776,1.75,1.25,2,voxelwise_rft
0.0,8.264462809917355e-05,1.75,1.5,2,voxelwise_rft
0.1,0.0007438016528925619,1.75,1.75,2,voxelwise_rft
0.1,0.0001652892561983471,1.75,2.0,2,voxelwise_rft
0.05,8.264462809917355e-05,1.75,2.25,2,voxelwise_rft
0.2,0.0013223140495867767,1.75,2.5,2,voxelwise_rft
0.0,8.264462809917355e-05,1.75,2.75,2,voxelwise_rft
0.1,0.0001652892561983471,1.75,3.0,2,voxelwise_rft
0.05,0.013486370157819224,2.0,0.0,2,voxelwise_rft
0.1,0.0,2.0,0.1,2,voxelwise_rft
0.25,0.00014347202295552367,2.0,0.25,2,voxelwise_rft
0.25,0.0007173601147776184,2.0,0.5,2,voxelwise_rft
0.2,0.00014347202295552367,2.0,0.75,2,voxelwise_rft
0.1,7.173601147776183e-05,2.0,1.0,2,voxelwise_rft
0.2,0.0007173601147776184,2.0,1.25,2,voxelwise_rft
0.2,0.0005738880918220947,2.0,1.5,2,voxelwise_rft
0.05,7.173601147776183e-05,2.0,1.75,2,voxelwise_rft
0.2,0.005380200860832138,2.0,2.0,2,voxelwise_rft
0.1,0.0027977044476327115,2.0,2.25,2,voxelwise_rft
0.15,0.0015064562410329984,2.0,2.5,2,voxelwise_rft
0.2,7.173601147776183e-05,2.0,2.75,2,voxelwise_rft
0.15,0.00021520803443328553,2.0,3.0,2,voxelwise_rft
0.25,6.242197253433208e-05,2.25,0.0,2,voxelwise_rft
0.15,0.0,2.25,0.1,2,voxelwise_rft
0.1,0.00012484394506866417,2.25,0.25,2,voxelwise_rft
0.1,0.003558052434456929,2.25,0.5,2,voxelwise_rft
0.2,0.00012484394506866417,2.25,0.75,2,voxelwise_rft
0.05,0.00031210986267166043,2.25,1.0,2,voxelwise_rft
0.1,0.0005617977528089887,2.25,1.25,2,voxelwise_rft
0.1,0.00012484394506866417,2.25,1.5,2,voxelwise_rft
0.25,0.00012484394506866417,2.25,1.75,2,voxelwise_rft
0.15,0.00018726591760299626,2.25,2.0,2,voxelwise_rft
0.1,0.0006866416978776529,2.25,2.25,2,voxelwise_rft
0.2,0.000873907615480649,2.25,2.5,2,voxelwise_rft
0.15,0.0010611735330836455,2.25,2.75,2,voxelwise_rft
0.25,0.028714107365792763,2.25,3.0,2,voxelwise_rft
0.2,0.00104052573932092,2.5,0.0,2,voxelwise_rft
0.1,5.476451259583789e-05,2.5,0.1,2,voxelwise_rft
0.2,0.0,2.5,0.25,2,voxelwise_rft
0.15,5.476451259583789e-05,2.5,0.5,2,voxelwise_rft
0.15,0.00021905805038335157,2.5,0.75,2,voxelwise_rft
0.2,0.0002738225629791895,2.5,1.0,2,voxelwise_rft
0.15,0.00010952902519167579,2.5,1.25,2,voxelwise_rft
0.2,0.0002738225629791895,2.5,1.5,2,voxelwise_rft
0.15,0.000492880613362541,2.5,1.75,2,voxelwise_rft
0.3,0.0012048192771084338,2.5,2.0,2,voxelwise_rft
0.25,0.022289156626506025,2.5,2.25,2,voxelwise_rft
0.2,0.002738225629791895,2.5,2.5,2,voxelwise_rft
0.1,0.0006571741511500547,2.5,2.75,2,voxelwise_rft
0.3,0.00859802847754655,2.5,3.0,2,voxelwise_rft
0.35,0.016522574447646494,2.75,0.0,2,voxelwise_rft
0.4,0.00019212295869356388,2.75,0.1,2,voxelwise_rft
0.35,0.0003362151777137368,2.75,0.25,2,voxelwise_rft
0.3,0.0001440922190201729,2.75,0.5,2,voxelwise_rft
0.1,0.00024015369836695482,2.75,0.75,2,voxelwise_rft
0.15,0.008021133525456293,2.75,1.0,2,voxelwise_rft
0.2,0.0002881844380403458,2.75,1.25,2,voxelwise_rft
0.5,9.606147934678194e-05,2.75,1.5,2,voxelwise_rft
0.2,0.0020172910662824206,2.75,1.75,2,voxelwise_rft
0.3,0.00043227665706051867,2.75,2.0,2,voxelwise_rft
0.3,0.004707012487992315,2.75,2.25,2,voxelwise_rft
0.2,0.0005283381364073007,2.75,2.5,2,voxelwise_rft
0.2,0.0005763688760806916,2.75,2.75,2,voxelwise_rft
0.25,0.0001440922190201729,2.75,3.0,2,voxelwise_rft
0.3,0.00039028620988725064,3.0,0.0,2,voxelwise_rft
0.25,8.673026886383348e-05,3.0,0.1,2,voxelwise_rft
0.4,8.673026886383348e-05,3.0,0.25,2,voxelwise_rft
0.25,0.00047701647875108405,3.0,0.5,2,voxelwise_rft
0.25,0.0003035559410234171,3.0,0.75,2,voxelwise_rft
0.2,0.0017779705117085861,3.0,1.0,2,voxelwise_rft
0.25,0.00026019080659150045,3.0,1.25,2,voxelwise_rft
0.1,0.00047701647875108416,3.0,1.5,2,voxelwise_rft
0.15,0.0003035559410234172,3.0,1.75,2,voxelwise_rft
0.15,0.00034692107545533396,3.0,2.0,2,voxelwise_rft
0.3,0.0007805724197745012,3.0,2.25,2,voxelwise_rft
0.25,0.0036860364267129234,3.0,2.5,2,voxelwise_rft
0.3,0.023807458803122288,3.0,2.75,2,voxelwise_rft
0.3,0.0006938421509106677,3.0,3.0,2,voxelwise_rft
0.0,0.0,0.0,0.0,5,voxelwise_rft
0.0,0.0,0.0,0.1,5,voxelwise_rft
0.05,0.0,0.0,0.25,5,voxelwise_rft
0.0,0.0,0.0,0.5,5,voxelwise_rft
0.05,0.0,0.0,0.75,5,voxelwise_rft
0.0,0.0,0.0,1.0,5,voxelwise_rft
0.0,0.0004424778761061947,0.0,1.25,5,voxelwise_rft
0.0,0.0,0.0,1.5,5,voxelwise_rft
0.0,0.0,0.0,1.75,5,voxelwise_rft
0.0,0.0,0.0,2.0,5,voxelwise_rft
0.0,0.0004424778761061947,0.0,2.25,5,voxelwise_rft
0.0,0.0004424778761061947,0.0,2.5,5,voxelwise_rft
0.0,0.0004424778761061947,0.0,2.75,5,voxelwise_rft
0.0,0.005752212389380531,0.0,3.0,5,voxelwise_rft
0.0,0.0,0.1,0.0,5,voxelwise_rft
0.05,0.0,0.1,0.1,5,voxelwise_rft
0.0,0.0,0.1,0.25,5,voxelwise_rft
0.05,0.0,0.1,0.5,5,voxelwise_rft
0.05,0.0,0.1,0.75,5,voxelwise_rft
0.05,0.0,0.1,1.0,5,voxelwise_rft
0.0,0.0,0.1,1.25,5,voxelwise_rft
0.0,0.0,0.1,1.5,5,voxelwise_rft
0.0,0.0,0.1,1.75,5,voxelwise_rft
0.0,0.0008849557522123894,0.1,2.0,5,voxelwise_rft
0.1,0.0,0.1,2.25,5,voxelwise_rft
0.0,0.001327433628318584,0.1,2.5,5,voxelwise_rft
0.0,0.001327433628318584,0.1,2.75,5,voxelwise_rft
0.0,0.002654867256637168,0.1,3.0,5,voxelwise_rft
0.05,0.0003355704697986577,0.25,0.0,5,voxelwise_rft
0.0,0.0,0.25,0.1,5,voxelwise_rft
0.0,0.0,0.25,0.25,5,voxelwise_rft
0.0,0.0,0.25,0.5,5,voxelwise_rft
0.0,0.0,0.25,0.75,5,voxelwise_rft
0.0,0.0,0.25,1.0,5,voxelwise_rft
0.0,0.0,0.25,1.25,5,voxelwise_rft
0.05,0.001006711409395973,0.25,1.5,5,voxelwise_rft
0.05,0.0,0.25,1.75,5,voxelwise_rft
0.0,0.0003355704697986577,0.25,2.0,5,voxelwise_rft
0.0,0.0003355704697986577,0.25,2.25,5,voxelwise_rft
0.0,0.0003355704697986577,0.25,2.5,5,voxelwise_rft
0.0,0.0,0.25,2.75,5,voxelwise_rft
0.0,0.0013422818791946308,0.25,3.0,5,voxelwise_rft
0.0,0.0,0.5,0.0,5,voxelwise_rft
0.0,0.0,0.5,0.1,5,voxelwise_rft
0.0,0.0,0.5,0.25,5,voxelwise_rft
0.0,0.0,0.5,0.5,5,voxelwise_rft
0.0,0.0,0.5,0.75,5,voxelwise_rft
0.0,0.00023474178403755868,0.5,1.0,5,voxelwise_rft
0.0,0.0,0.5,1.25,5,voxelwise_rft
0.0,0.0,0.5,1.5,5,voxelwise_rft
0.05,0.00023474178403755868,0.5,1.75,5,voxelwise_rft
0.0,0.001643192488262911,0.5,2.0,5,voxelwise_rft
0.05,0.031924882629107976,0.5,2.25,5,voxelwise_rft
0.0,0.002347417840375587,0.5,2.5,5,voxelwise_rft
0.0,0.005164319248826291,0.5,2.75,5,voxelwise_rft
0.0,0.004460093896713615,0.5,3.0,5,voxelwise_rft
0.0,0.0,0.75,0.0,5,voxelwise_rft
0.05,0.0,0.75,0.1,5,voxelwise_rft
0.0,0.0,0.75,0.25,5,voxelwise_rft
0.0,0.0,0.75,0.5,5,voxelwise_rft
0.0,0.00017543859649122808,0.75,0.75,5,voxelwise_rft
0.0,0.0007017543859649123,0.75,1.0,5,voxelwise_rft
0.0,0.0012280701754385965,0.75,1.25,5,voxelwise_rft
0.0,0.0024561403508771926,0.75,1.5,5,voxelwise_rft
0.05,0.03035087719298246,0.75,1.75,5,voxelwise_rft
0.0,0.004912280701754385,0.75,2.0,5,voxelwise_rft
0.0,0.01368421052631579,0.75,2.25,5,voxelwise_rft
0.05,0.01719298245614035,0.75,2.5,5,voxelwise_rft
0.0,0.029649122807017543,0.75,2.75,5,voxelwise_rft
0.0,0.04035087719298246,0.75,3.0,5,voxelwise_rft
0.05,0.0,1.0,0.0,5,voxelwise_rft
0.05,0.0,1.0,0.1,5,voxelwise_rft
0.0,0.0,1.0,0.25,5,voxelwise_rft
0.05,0.00014326647564469913,1.0,0.5,5,voxelwise_rft
0.0,0.0005730659025787965,1.0,0.75,5,voxelwise_rft
0.05,0.002292263610315186,1.0,1.0,5,voxelwise_rft
0.0,0.007163323782234958,1.0,1.25,5,voxelwise_rft
0.05,0.011174785100286532,1.0,1.5,5,voxelwise_rft
0.0,0.0163323782234957,1.0,1.75,5,voxelwise_rft
0.05,0.03209169054441261,1.0,2.0,5,voxelwise_rft
0.05,0.03395415472779369,1.0,2.25,5,voxelwise_rft
0.05,0.05100286532951289,1.0,2.5,5,voxelwise_rft
0.0,0.07464183381088826,1.0,2.75,5,voxelwise_rft
0.05,0.09297994269340973,1.0,3.0,5,voxelwise_rft
0.05,0.0,1.25,0.0,5,voxelwise_rft
0.1,0.0,1.25,0.1,5,voxelwise_rft
0.05,0.00011655011655011655,1.25,0.25,5,voxelwise_rft
0.0,0.001048951048951049,1.25,0.5,5,voxelwise_rft
0.1,0.0012820512820512823,1.25,0.75,5,voxelwise_rft
0.0,0.0048951048951048955,1.25,1.0,5,voxelwise_rft
0.05,0.013403263403263404,1.25,1.25,5,voxelwise_rft
0.0,0.024825174825174826,1.25,1.5,5,voxelwise_rft
0.0,0.04102564102564103,1.25,1.75,5,voxelwise_rft
0.1,0.06573426573426573,1.25,2.0,5,voxelwise_rft
0.05,0.07261072261072261,1.25,2.25,5,voxelwise_rft
0.0,0.11165501165501165,1.25,2.5,5,voxelwise_rft
0.05,0.13543123543123542,1.25,2.75,5,voxelwise_rft
0.0,0.1444055944055944,1.25,3.0,5,voxelwise_rft
0.1,0.014636542239685657,1.5,0.0,5,voxelwise_rft
0.05,9.823182711198428e-05,1.5,0.1,5,voxelwise_rft
0.0,0.0002946954813359528,1.5,0.25,5,voxelwise_rft
0.1,0.0016699410609037325,1.5,0.5,5,voxelwise_rft
0.0,0.004125736738703339,1.5,0.75,5,voxelwise_rft
0.1,0.0118860510805501,1.5,1.0,5,voxelwise_rft
0.1,0.028880157170923383,1.5,1.25,5,voxelwise_rft
0.05,0.04115913555992142,1.5,1.5,5,voxelwise_rft
0.0,0.06247544204322201,1.5,1.75,5,voxelwise_rft
0.15,0.10078585461689589,1.5,2.0,5,voxelwise_rft
0.1,0.12711198428290765,1.5,2.25,5,voxelwise_rft
0.05,0.137426326129666,1.5,2.5,5,voxelwise_rft
0.0,0.15628683693516698,1.5,2.75,5,voxelwise_rft
0.05,0.17328094302554026,1.5,3.0,5,voxelwise_rft
0.0,0.0,1.75,0.0,5,voxelwise_rft
0.05,8.264462809917355e-05,1.75,0.1,5,voxelwise_rft
0.15,0.00041322314049586776,1.75,0.25,5,voxelwise_rft
0.05,0.0012396694214876032,1.75,0.5,5,voxelwise_rft
0.1,0.00743801652892562,1.75,0.75,5,voxelwise_rft
0.2,0.017272727272727276,1.75,1.0,5,voxelwise_rft
0.05,0.039173553719008256,1.75,1.25,5,voxelwise_rft
0.1,0.06330578512396695,1.75,1.5,5,voxelwise_rft
0.05,0.07975206611570246,1.75,1.75,5,voxelwise_rft
0.1,0.10206611570247934,1.75,2.0,5,voxelwise_rft
0.05,0.13504132231404958,1.75,2.25,5,voxelwise_rft
0.1,0.15479338842975207,1.75,2.5,5,voxelwise_rft
0.1,0.1669421487603306,1.75,2.75,5,voxelwise_rft
0.1,0.17553719008264462,1.75,3.0,5,voxelwise_rft
0.05,0.0,2.0,0.0,5,voxelwise_rft
0.15,7.173601147776183e-05,2.0,0.1,5,voxelwise_rft
0.1,0.000430416068866571,2.0,0.25,5,voxelwise_rft
0.2,0.0017216642754662843,2.0,0.5,5,voxelwise_rft
0.1,0.011621233859397418,2.0,0.75,5,voxelwise_rft
0.05,0.02324246771879484,2.0,1.0,5,voxelwise_rft
0.15,0.049067431850789094,2.0,1.25,5,voxelwise_rft
0.15,0.08809182209469153,2.0,1.5,5,voxelwise_rft
0.15,0.09576757532281203,2.0,1.75,5,voxelwise_rft
0.1,0.11951219512195124,2.0,2.0,5,voxelwise_rft
0.05,0.14268292682926825,2.0,2.25,5,voxelwise_rft
0.1,0.14921090387374464,2.0,2.5,5,voxelwise_rft
0.15,0.16506456241033,2.0,2.75,5,voxelwise_rft
0.1,0.17847919655667147,2.0,3.0,5,voxelwise_rft
0.1,0.0,2.25,0.0,5,voxelwise_rft
0.05,0.00012484394506866417,2.25,0.1,5,voxelwise_rft
0.05,0.00024968789013732833,2.25,0.25,5,voxelwise_rft
0.15,0.003245942571785269,2.25,0.5,5,voxelwise_rft
0.1,0.012546816479400752,2.25,0.75,5,voxelwise_rft
0.05,0.03664169787765294,2.25,1.0,5,voxelwise_rft
0.1,0.05873907615480649,2.25,1.25,5,voxelwise_rft
0.1,0.09494382022471909,2.25,1.5,5,voxelwise_rft
0.2,0.11023720349563046,2.25,1.75,5,voxelwise_rft
0.15,0.12759051186017478,2.25,2.0,5,voxelwise_rft
0.25,0.1388888888888889,2.25,2.25,5,voxelwise_rft
0.1,0.1589263420724095,2.25,2.5,5,voxelwise_rft
0.1,0.168976279650437,2.25,2.75,5,voxelwise_rft
0.1,0.17990012484394508,2.25,3.0,5,voxelwise_rft
0.1,0.0,2.5,0.0,5,voxelwise_rft
0.05,0.0,2.5,0.1,5,voxelwise_rft
0.1,0.00021905805038335157,2.5,0.25,5,voxelwise_rft
0.0,0.007612267250821467,2.5,0.5,5,voxelwise_rft
0.2,0.017853231106243157,2.5,0.75,5,voxelwise_rft
0.3,0.04304490690032858,2.5,1.0,5,voxelwise_rft
0.25,0.06916757940854326,2.5,1.25,5,voxelwise_rft
0.1,0.09299014238773275,2.5,1.5,5,voxelwise_rft
0.2,0.11062431544359255,2.5,1.75,5,voxelwise_rft
0.05,0.12738225629791897,2.5,2.0,5,voxelwise_rft
0.1,0.14244249726177433,2.5,2.25,5,voxelwise_rft
0.25,0.15323110624315442,2.5,2.5,5,voxelwise_rft
0.2,0.16051478641840086,2.5,2.75,5,voxelwise_rft
0.35,0.17283680175246444,2.5,3.0,5,voxelwise_rft
0.1,4.803073967339097e-05,2.75,0.0,5,voxelwise_rft
0.15,9.606147934678194e-05,2.75,0.1,5,voxelwise_rft
0.2,0.003218059558117195,2.75,0.25,5,voxelwise_rft
0.2,0.00595581171950048,2.75,0.5,5,voxelwise_rft
0.15,0.018011527377521614,2.75,0.75,5,voxelwise_rft
0.25,0.04380403458213257,2.75,1.0,5,voxelwise_rft
0.15,0.07070124879923151,2.75,1.25,5,voxelwise_rft
0.05,0.09380403458213257,2.75,1.5,5,voxelwise_rft
0.05,0.11234390009606147,2.75,1.75,5,voxelwise_rft
0.2,0.1276176753121998,2.75,2.0,5,voxelwise_rft
0.1,0.14063400576368873,2.75,2.25,5,voxelwise_rft
0.1,0.14740634005763692,2.75,2.5,5,voxelwise_rft
0.35,0.16181556195965416,2.75,2.75,5,voxelwise_rft
0.25,0.1679634966378482,2.75,3.0,5,voxelwise_rft
0.15,0.00017346053772766696,3.0,0.0,5,voxelwise_rft
0.15,0.0002168256721595837,3.0,0.1,5,voxelwise_rft
0.15,0.0007372072853425846,3.0,0.25,5,voxelwise_rft
0.3,0.012315698178664352,3.0,0.5,5,voxelwise_rft
0.15,0.026496097137901124,3.0,0.75,5,voxelwise_rft
0.15,0.05277536860364268,3.0,1.0,5,voxelwise_rft
0.05,0.0792714657415438,3.0,1.25,5,voxelwise_rft
0.05,0.09752818733738075,3.0,1.5,5,voxelwise_rft
0.1,0.10485689505637467,3.0,1.75,5,voxelwise_rft
0.2,0.1310928013876843,3.0,2.0,5,voxelwise_rft
0.3,0.13668690372940157,3.0,2.25,5,voxelwise_rft
0.1,0.1483954900260191,3.0,2.5,5,voxelwise_rft
0.25,0.1549002601908066,3.0,2.75,5,voxelwise_rft
0.1,0.17398091934084997,3.0,3.0,5,voxelwise_rft
0.0,0.0,0.0,0.0,7,voxelwise_rft
0.05,0.0,0.0,0.1,7,voxelwise_rft
0.0,0.0,0.0,0.25,7,voxelwise_rft
0.0,0.0,0.0,0.5,7,voxelwise_rft
0.0,0.0,0.0,0.75,7,voxelwise_rft
0.0,0.0,0.0,1.0,7,voxelwise_rft
0.0,0.0008849557522123894,0.0,1.25,7,voxelwise_rft
0.0,0.001327433628318584,0.0,1.5,7,voxelwise_rft
0.0,0.002654867256637168,0.0,1.75,7,voxelwise_rft
0.0,0.002654867256637168,0.0,2.0,7,voxelwise_rft
0.0,0.006194690265486726,0.0,2.25,7,voxelwise_rft
0.0,0.009734513274336281,0.0,2.5,7,voxelwise_rft
0.0,0.02079646017699115,0.0,2.75,7,voxelwise_rft
0.0,0.02610619469026549,0.0,3.0,7,voxelwise_rft
0.0,0.0,0.1,0.0,7,voxelwise_rft
0.0,0.0,0.1,0.1,7,voxelwise_rft
0.05,0.0,0.1,0.25,7,voxelwise_rft
0.0,0.0,0.1,0.5,7,voxelwise_rft
0.0,0.0,0.1,0.75,7,voxelwise_rft
0.0,0.0,0.1,1.0,7,voxelwise_rft
0.0,0.0,0.1,1.25,7,voxelwise_rft
0.0,0.0004424778761061947,0.1,1.5,7,voxelwise_rft
0.0,0.002654867256637168,0.1,1.75,7,voxelwise_rft
0.0,0.003982300884955752,0.1,2.0,7,voxelwise_rft
0.0,0.007964601769911503,0.1,2.25,7,voxelwise_rft
0.0,0.013274336283185842,0.1,2.5,7,voxelwise_rft
0.05,0.048672566371681415,0.1,2.75,7,voxelwise_rft
0.0,0.02566371681415929,0.1,3.0,7,voxelwise_rft
0.0,0.0,0.25,0.0,7,voxelwise_rft
0.0,0.0,0.25,0.1,7,voxelwise_rft
0.0,0.0,0.25,0.25,7,voxelwise_rft
0.0,0.0,0.25,0.5,7,voxelwise_rft
0.0,0.0003355704697986577,0.25,0.75,7,voxelwise_rft
0.0,0.0,0.25,1.0,7,voxelwise_rft
0.0,0.0003355704697986577,0.25,1.25,7,voxelwise_rft
0.0,0.001006711409395973,0.25,1.5,7,voxelwise_rft
0.0,0.001006711409395973,0.25,1.75,7,voxelwise_rft
0.0,0.002348993288590604,0.25,2.0,7,voxelwise_rft
0.0,0.0030201342281879194,0.25,2.25,7,voxelwise_rft
0.0,0.009395973154362415,0.25,2.5,7,voxelwise_rft
0.0,0.012751677852348991,0.25,2.75,7,voxelwise_rft
0.05,0.01778523489932886,0.25,3.0,7,voxelwise_rft
0.05,0.0,0.5,0.0,7,voxelwise_rft
0.05,0.0,0.5,0.1,7,voxelwise_rft
0.0,0.0,0.5,0.25,7,voxelwise_rft
0.0,0.00023474178403755868,0.5,0.5,7,voxelwise_rft
0.0,0.0,0.5,0.75,7,voxelwise_rft
0.0,0.00023474178403755868,0.5,1.0,7,voxelwise_rft
0.0,0.002112676056338028,0.5,1.25,7,voxelwise_rft
0.0,0.003990610328638498,0.5,1.5,7,voxelwise_rft
0.0,0.010798122065727701,0.5,1.75,7,voxelwise_rft
0.0,0.019483568075117374,0.5,2.0,7,voxelwise_rft
0.0,0.027934272300469486,0.5,2.25,7,voxelwise_rft
0.0,0.041314553990610334,0.5,2.5,7,voxelwise_rft
0.0,0.06854460093896714,0.5,2.75,7,voxelwise_rft
0.0,0.1011737089201878,0.5,3.0,7,voxelwise_rft
0.05,0.0,0.75,0.0,7,voxelwise_rft
0.1,0.0,0.75,0.1,7,voxelwise_rft
0.0,0.00017543859649122808,0.75,0.25,7,voxelwise_rft
0.05,0.0005263157894736842,0.75,0.5,7,voxelwise_rft
0.0,0.0015789473684210526,0.75,0.75,7,voxelwise_rft
0.0,0.009473684210526315,0.75,1.0,7,voxelwise_rft
0.0,0.018245614035087718,0.75,1.25,7,voxelwise_rft
0.0,0.0512280701754386,0.75,1.5,7,voxelwise_rft
0.0,0.08017543859649122,0.75,1.75,7,voxelwise_rft
0.05,0.13982456140350877,0.75,2.0,7,voxelwise_rft
0.05,0.18894736842105264,0.75,2.25,7,voxelwise_rft
0.0,0.23701754385964913,0.75,2.5,7,voxelwise_rft
0.1,0.2749122807017544,0.75,2.75,7,voxelwise_rft
0.0,0.3152631578947368,0.75,3.0,7,voxelwise_rft
0.05,0.0,1.0,0.0,7,voxelwise_rft
0.0,0.0,1.0,0.1,7,voxelwise_rft
0.0,0.00014326647564469913,1.0,0.25,7,voxelwise_rft
0.0,0.002148997134670487,1.0,0.5,7,voxelwise_rft
0.0,0.010315186246418336,1.0,0.75,7,voxelwise_rft
0.0,0.03696275071633238,1.0,1.0,7,voxelwise_rft
0.15,0.08495702005730658,1.0,1.25,7,voxelwise_rft
0.0,0.14183381088825217,1.0,1.5,7,voxelwise_rft
0.0,0.18825214899713466,1.0,1.75,7,voxelwise_rft
0.0,0.23567335243553011,1.0,2.0,7,voxelwise_rft
0.0,0.27048710601719206,1.0,2.25,7,voxelwise_rft
0.0,0.288538681948424,1.0,2.5,7,voxelwise_rft
0.0,0.30873925501432664,1.0,2.75,7,voxelwise_rft
0.0,0.3256446991404011,1.0,3.0,7,voxelwise_rft
0.0,0.0,1.25,0.0,7,voxelwise_rft
0.05,0.0,1.25,0.1,7,voxelwise_rft
0.0,0.0,1.25,0.25,7,voxelwise_rft
0.05,0.002913752913752914,1.25,0.5,7,voxelwise_rft
0.0,0.024825174825174826,1.25,0.75,7,voxelwise_rft
0.1,0.07552447552447553,1.25,1.0,7,voxelwise_rft
0.2,0.13624708624708626,1.25,1.25,7,voxelwise_rft
0.1,0.181002331002331,1.25,1.5,7,voxelwise_rft
0.1,0.21130536130536132,1.25,1.75,7,voxelwise_rft
0.1,0.24615384615384617,1.25,2.0,7,voxelwise_rft
0.05,0.26002331002331003,1.25,2.25,7,voxelwise_rft
0.0,0.275990675990676,1.25,2.5,7,voxelwise_rft
0.0,0.2862470862470862,1.25,2.75,7,voxelwise_rft
0.0,0.29848484848484846,1.25,3.0,7,voxelwise_rft
0.05,0.0,1.5,0.0,7,voxelwise_rft
0.1,0.0,1.5,0.1,7,voxelwise_rft
0.0,0.0002946954813359528,1.5,0.25,7,voxelwise_rft
0.05,0.008447937131630648,1.5,0.5,7,voxelwise_rft
0.05,0.04744597249508842,1.5,0.75,7,voxelwise_rft
0.0,0.10176817288801572,1.5,1.0,7,voxelwise_rft
0.1,0.16473477406679762,1.5,1.25,7,voxelwise_rft
0.2,0.19715127701375246,1.5,1.5,7,voxelwise_rft
0.0,0.21974459724950882,1.5,1.75,7,voxelwise_rft
0.15,0.23271119842829074,1.5,2.0,7,voxelwise_rft
0.1,0.25638506876227896,1.5,2.25,7,voxelwise_rft
0.05,0.26385068762278985,1.5,2.5,7,voxelwise_rft
0.0,0.27406679764243613,1.5,2.75,7,voxelwise_rft
0.0,0.2831041257367387,1.5,3.0,7,voxelwise_rft
0.1,0.0,1.75,0.0,7,voxelwise_rft
0.1,0.00024793388429752067,1.75,0.1,7,voxelwise_rft
0.0,0.0009090909090909089,1.75,0.25,7,voxelwise_rft
0.1,0.02446280991735537,1.75,0.5,7,voxelwise_rft
0.0,0.06454545454545454,1.75,0.75,7,voxelwise_rft
0.0,0.12157024793388431,1.75,1.0,7,voxelwise_rft
0.05,0.16644628099173556,1.75,1.25,7,voxelwise_rft
0.05,0.18074380165289256,1.75,1.5,7,voxelwise_rft
0.0,0.21000000000000002,1.75,1.75,7,voxelwise_rft
0.1,0.2222314049586777,1.75,2.0,7,voxelwise_rft
0.05,0.23388429752066114,1.75,2.25,7,voxelwise_rft
0.2,0.24355371900826445,1.75,2.5,7,voxelwise_rft
0.2,0.25396694214876037,1.75,2.75,7,voxelwise_rft
0.1,0.26611570247933886,1.75,3.0,7,voxelwise_rft
0.05,0.00014347202295552367,2.0,0.0,7,voxelwise_rft
0.2,7.173601147776183e-05,2.0,0.1,7,voxelwise_rft
0.15,0.001721664275466284,2.0,0.25,7,voxelwise_rft
0.05,0.021879483500717365,2.0,0.5,7,voxelwise_rft
0.05,0.0840028694404591,2.0,0.75,7,voxelwise_rft
0.0,0.13192252510760405,2.0,1.0,7,voxelwise_rft
0.1,0.16678622668579626,2.0,1.25,7,voxelwise_rft
0.05,0.18378766140602582,2.0,1.5,7,voxelwise_rft
0.1,0.20215208034433285,2.0,1.75,7,voxelwise_rft
0.15,0.210832137733142,2.0,2.0,7,voxelwise_rft
0.05,0.22754662840746048,2.0,2.25,7,voxelwise_rft
0.2,0.23565279770444758,2.0,2.5,7,voxelwise_rft
0.05,0.2475609756097561,2.0,2.75,7,voxelwise_rft
0.05,0.2546628407460545,2.0,3.0,7,voxelwise_rft
0.1,0.0,2.25,0.0,7,voxelwise_rft
0.1,0.00018726591760299626,2.25,0.1,7,voxelwise_rft
0.05,0.003245942571785268,2.25,0.25,7,voxelwise_rft
0.25,0.042571785268414486,2.25,0.5,7,voxelwise_rft
0.25,0.09463171036204744,2.25,0.75,7,voxelwise_rft
0.15,0.13583021223470665,2.25,1.0,7,voxelwise_rft
0.05,0.15742821473158555,2.25,1.25,7,voxelwise_rft
0.0,0.17696629213483145,2.25,1.5,7,voxelwise_rft
0.35,0.19744069912609238,2.25,1.75,7,voxelwise_rft
0.15,0.2052434456928839,2.25,2.0,7,voxelwise_rft
0.1,0.22359550561797753,2.25,2.25,7,voxelwise_rft
0.25,0.2303370786516854,2.25,2.5,7,voxelwise_rft
0.0,0.23963795255930087,2.25,2.75,7,voxelwise_rft
0.1,0.2497503121098627,2.25,3.0,7,voxelwise_rft
0.25,0.0,2.5,0.0,7,voxelwise_rft
0.05,0.0,2.5,0.1,7,voxelwise_rft
0.2,0.003997809419496167,2.5,0.25,7,voxelwise_rft
0.1,0.03674698795180723,2.5,0.5,7,voxelwise_rft
0.1,0.09802847754654982,2.5,0.75,7,voxelwise_rft
0.1,0.12869660460021906,2.5,1.0,7,voxelwise_rft
0.15,0.1532858707557503,2.5,1.25,7,voxelwise_rft
0.05,0.1722343921139102,2.5,1.5,7,voxelwise_rft
0.0,0.19211391018619933,2.5,1.75,7,voxelwise_rft
0.1,0.20038335158817086,2.5,2.0,7,voxelwise_rft
0.05,0.20936473165388825,2.5,2.25,7,voxelwise_rft
0.2,0.22760131434830227,2.5,2.5,7,voxelwise_rft
0.1,0.2359802847754655,2.5,2.75,7,voxelwise_rft
0.1,0.2380613362541073,2.5,3.0,7,voxelwise_rft
0.0,0.0,2.75,0.0,7,voxelwise_rft
0.15,0.0,2.75,0.1,7,voxelwise_rft
0.2,0.005715658021133525,2.75,0.25,7,voxelwise_rft
0.15,0.038712776176753116,2.75,0.5,7,voxelwise_rft
0.15,0.09735830931796349,2.75,0.75,7,voxelwise_rft
0.15,0.12992315081652256,2.75,1.0,7,voxelwise_rft
0.05,0.1509606147934678,2.75,1.25,7,voxelwise_rft
0.0,0.1693083573487032,2.75,1.5,7,voxelwise_rft
0.1,0.1798751200768492,2.75,1.75,7,voxelwise_rft
0.15,0.1988472622478386,2.75,2.0,7,voxelwise_rft
0.2,0.21104707012487994,2.75,2.25,7,voxelwise_rft
0.15,0.21618635926993277,2.75,2.5,7,voxelwise_rft
0.1,0.2228626320845341,2.75,2.75,7,voxelwise_rft
0.2,0.23712776176753123,2.75,3.0,7,voxelwise_rft
0.2,8.673026886383348e-05,3.0,0.0,7,voxelwise_rft
0.0,0.000823937554206418,3.0,0.1,7,voxelwise_rft
0.15,0.004640069384215091,3.0,0.25,7,voxelwise_rft
0.1,0.057718993928881177,3.0,0.5,7,voxelwise_rft
0.2,0.09891587163920208,3.0,0.75,7,voxelwise_rft
0.1,0.12740676496097136,3.0,1.0,7,voxelwise_rft
0.2,0.15745880312228966,3.0,1.25,7,voxelwise_rft
0.15,0.17185602775368605,3.0,1.5,7,voxelwise_rft
0.1,0.18187337380745877,3.0,1.75,7,voxelwise_rft
0.05,0.19431916738941893,3.0,2.0,7,voxelwise_rft
0.05,0.20420641803989598,3.0,2.25,7,voxelwise_rft
0.15,0.21361665221162185,3.0,2.5,7,voxelwise_rft
0.05,0.22545533391153513,3.0,2.75,7,voxelwise_rft
0.1,0.230745880312229,3.0,3.0,7,voxelwise_rft
0.0,0.0,0.0,0.0,10,voxelwise_rft
0.0,0.0,0.0,0.1,10,voxelwise_rft
0.0,0.0,0.0,0.25,10,voxelwise_rft
0.0,0.0,0.0,0.5,10,voxelwise_rft
0.0,0.0004424778761061947,0.0,0.75,10,voxelwise_rft
0.0,0.0008849557522123894,0.0,1.0,10,voxelwise_rft
0.0,0.003097345132743363,0.0,1.25,10,voxelwise_rft
0.05,0.010176991150442478,0.0,1.5,10,voxelwise_rft
0.0,0.026991150442477872,0.0,1.75,10,voxelwise_rft
0.0,0.05353982300884956,0.0,2.0,10,voxelwise_rft
0.0,0.09690265486725663,0.0,2.25,10,voxelwise_rft
0.0,0.1610619469026549,0.0,2.5,10,voxelwise_rft
0.0,0.2553097345132743,0.0,2.75,10,voxelwise_rft
0.0,0.36327433628318584,0.0,3.0,10,voxelwise_rft
0.0,0.0,0.1,0.0,10,voxelwise_rft
0.0,0.0,0.1,0.1,10,voxelwise_rft
0.0,0.0,0.1,0.25,10,voxelwise_rft
0.0,0.0,0.1,0.5,10,voxelwise_rft
0.0,0.0004424778761061947,0.1,0.75,10,voxelwise_rft
0.0,0.0004424778761061947,0.1,1.0,10,voxelwise_rft
0.0,0.0035398230088495575,0.1,1.25,10,voxelwise_rft
0.0,0.011061946902654867,0.1,1.5,10,voxelwise_rft
0.0,0.033628318584070796,0.1,1.75,10,voxelwise_rft
0.0,0.06150442477876107,0.1,2.0,10,voxelwise_rft
0.0,0.10132743362831857,0.1,2.25,10,voxelwise_rft
0.0,0.1672566371681416,0.1,2.5,10,voxelwise_rft
0.0,0.2584070796460177,0.1,2.75,10,voxelwise_rft
0.0,0.3765486725663717,0.1,3.0,10,voxelwise_rft
0.0,0.0,0.25,0.0,10,voxelwise_rft
0.0,0.0,0.25,0.1,10,voxelwise_rft
0.0,0.0,0.25,0.25,10,voxelwise_rft
0.0,0.0,0.25,0.5,10,voxelwise_rft
0.0,0.0,0.25,0.75,10,voxelwise_rft
0.0,0.0006711409395973154,0.25,1.0,10,voxelwise_rft
0.0,0.0026845637583892616,0.25,1.25,10,voxelwise_rft
0.0,0.008389261744966441,0.25,1.5,10,voxelwise_rft
0.0,0.019798657718120803,0.25,1.75,10,voxelwise_rft
0.0,0.039932885906040265,0.25,2.0,10,voxelwise_rft
0.05,0.08020134228187918,0.25,2.25,10,voxelwise_rft
0.0,0.12416107382550337,0.25,2.5,10,voxelwise_rft
0.0,0.19026845637583895,0.25,2.75,10,voxelwise_rft
0.0,0.27550335570469797,0.25,3.0,10,voxelwise_rft
0.0,0.0,0.5,0.0,10,voxelwise_rft
0.0,0.0,0.5,0.1,10,voxelwise_rft
0.0,0.0,0.5,0.25,10,voxelwise_rft
0.0,0.00046948356807511736,0.5,0.5,10,voxelwise_rft
0.0,0.002112676056338028,0.5,0.75,10,voxelwise_rft
0.0,0.008215962441314555,0.5,1.0,10,voxelwise_rft
0.0,0.02582159624413146,0.5,1.25,10,voxelwise_rft
0.0,0.06713615023474179,0.5,1.5,10,voxelwise_rft
0.05,0.13591549295774646,0.5,1.75,10,voxelwise_rft
0.0,0.2107981220657277,0.5,2.0,10,voxelwise_rft
0.0,0.31502347417840376,0.5,2.25,10,voxelwise_rft
0.0,0.384037558685446,0.5,2.5,10,voxelwise_rft
0.0,0.4446009389671362,0.5,2.75,10,voxelwise_rft
0.0,0.45633802816901403,0.5,3.0,10,voxelwise_rft
0.05,0.0,0.75,0.0,10,voxelwise_rft
0.0,0.0,0.75,0.1,10,voxelwise_rft
0.05,0.0,0.75,0.25,10,voxelwise_rft
0.0,0.003508771929824561,0.75,0.5,10,voxelwise_rft
0.0,0.025087719298245614,0.75,0.75,10,voxelwise_rft
0.05,0.09789473684210526,0.75,1.0,10,voxelwise_rft
0.0,0.2150877192982456,0.75,1.25,10,voxelwise_rft
0.0,0.29561403508771933,0.75,1.5,10,voxelwise_rft
0.0,0.3473684210526316,0.75,1.75,10,voxelwise_rft
0.05,0.37754385964912285,0.75,2.0,10,voxelwise_rft
0.05,0.3921052631578948,0.75,2.25,10,voxelwise_rft
0.0,0.3994736842105263,0.75,2.5,10,voxelwise_rft
0.05,0.4089473684210527,0.75,2.75,10,voxelwise_rft
0.0,0.41807017543859654,0.75,3.0,10,voxelwise_rft
0.0,0.0,1.0,0.0,10,voxelwise_rft
0.05,0.0,1.0,0.1,10,voxelwise_rft
0.0,0.0008595988538681948,1.0,0.25,10,voxelwise_rft
0.0,0.013753581661891117,1.0,0.5,10,voxelwise_rft
0.0,0.09756446991404011,1.0,0.75,10,voxelwise_rft
0.0,0.21905444126074497,1.0,1.0,10,voxelwise_rft
0.05,0.2803724928366763,1.0,1.25,10,voxelwise_rft
0.0,0.3045845272206304,1.0,1.5,10,voxelwise_rft
0.05,0.32836676217765043,1.0,1.75,10,voxelwise_rft
0.0,0.34512893982808024,1.0,2.0,10,voxelwise_rft
0.05,0.35759312320916903,1.0,2.25,10,voxelwise_rft
0.0,0.3712034383954155,1.0,2.5,10,voxelwise_rft
0.0,0.38108882521489973,1.0,2.75,10,voxelwise_rft
0.0,0.39369627507163324,1.0,3.0,10,voxelwise_rft
0.05,0.0,1.25,0.0,10,voxelwise_rft
0.0,0.00011655011655011655,1.25,0.1,10,voxelwise_rft
0.05,0.0022144522144522147,1.25,0.25,10,voxelwise_rft
0.1,0.04265734265734265,1.25,0.5,10,voxelwise_rft
0.1,0.1558275058275058,1.25,0.75,10,voxelwise_rft
0.05,0.22132867132867134,1.25,1.0,10,voxelwise_rft
0.05,0.25920745920745925,1.25,1.25,10,voxelwise_rft
0.05,0.2815850815850816,1.25,1.5,10,voxelwise_rft
0.05,0.3012820512820513,1.25,1.75,10,voxelwise_rft
0.2,0.3177156177156177,1.25,2.0,10,voxelwise_rft
0.0,0.3277389277389277,1.25,2.25,10,voxelwise_rft
0.05,0.33682983682983686,1.25,2.5,10,voxelwise_rft
0.05,0.34487179487179487,1.25,2.75,10,voxelwise_rft
0.1,0.35058275058275057,1.25,3.0,10,voxelwise_rft
0.1,0.0,1.5,0.0,10,voxelwise_rft
0.05,0.0,1.5,0.1,10,voxelwise_rft
0.0,0.002357563850687623,1.5,0.25,10,voxelwise_rft
0.0,0.08722986247544204,1.5,0.5,10,voxelwise_rft
0.0,0.17514734774066795,1.5,0.75,10,voxelwise_rft
0.0,0.21797642436149314,1.5,1.0,10,voxelwise_rft
0.05,0.24626719056974458,1.5,1.25,10,voxelwise_rft
0.05,0.26856581532416496,1.5,1.5,10,voxelwise_rft
0.05,0.2860510805500983,1.5,1.75,10,voxelwise_rft
0.0,0.2945972495088409,1.5,2.0,10,voxelwise_rft
0.05,0.3094302554027505,1.5,2.25,10,voxelwise_rft
0.0,0.3156188605108055,1.5,2.5,10,voxelwise_rft
0.0,0.3290766208251473,1.5,2.75,10,voxelwise_rft
0.05,0.337426326129666,1.5,3.0,10,voxelwise_rft
0.0,0.0,1.75,0.0,10,voxelwise_rft
0.1,0.0004958677685950412,1.75,0.1,10,voxelwise_rft
0.05,0.009834710743801652,1.75,0.25,10,voxelwise_rft
0.0,0.10140495867768592,1.75,0.5,10,voxelwise_rft
0.1,0.16669421487603306,1.75,0.75,10,voxelwise_rft
0.15,0.20677685950413222,1.75,1.0,10,voxelwise_rft
0.05,0.22363636363636358,1.75,1.25,10,voxelwise_rft
0.1,0.24867768595041326,1.75,1.5,10,voxelwise_rft
0.05,0.270495867768595,1.75,1.75,10,voxelwise_rft
0.0,0.2803305785123967,1.75,2.0,10,voxelwise_rft
0.05,0.28636363636363643,1.75,2.25,10,voxelwise_rft
0.05,0.30016528925619834,1.75,2.5,10,voxelwise_rft
0.05,0.3071074380165289,1.75,2.75,10,voxelwise_rft
0.0,0.31595041322314055,1.75,3.0,10,voxelwise_rft
0.2,7.173601147776183e-05,2.0,0.0,10,voxelwise_rft
0.05,0.0005738880918220947,2.0,0.1,10,voxelwise_rft
0.15,0.011764705882352941,2.0,0.25,10,voxelwise_rft
0.05,0.1058106169296987,2.0,0.5,10,voxelwise_rft
0.05,0.16700143472022957,2.0,0.75,10,voxelwise_rft
0.1,0.1968436154949785,2.0,1.0,10,voxelwise_rft
0.05,0.21499282639885223,2.0,1.25,10,voxelwise_rft
0.05,0.23952654232424675,2.0,1.5,10,voxelwise_rft
0.05,0.2555236728837877,2.0,1.75,10,voxelwise_rft
0.1,0.2646341463414635,2.0,2.0,10,voxelwise_rft
0.05,0.2774748923959828,2.0,2.25,10,voxelwise_rft
0.1,0.28816355810616934,2.0,2.5,10,voxelwise_rft
0.0,0.29318507890961265,2.0,2.75,10,voxelwise_rft
0.05,0.30430416068866567,2.0,3.0,10,voxelwise_rft
0.15,0.00012484394506866417,2.25,0.0,10,voxelwise_rft
0.1,0.00037453183520599247,2.25,0.1,10,voxelwise_rft
0.05,0.02028714107365793,2.25,0.25,10,voxelwise_rft
0.05,0.11198501872659175,2.25,0.5,10,voxelwise_rft
0.0,0.15355805243445694,2.25,0.75,10,voxelwise_rft
0.05,0.1905118601747815,2.25,1.0,10,voxelwise_rft
0.05,0.20705368289637952,2.25,1.25,10,voxelwise_rft
0.1,0.231398252184769,2.25,1.5,10,voxelwise_rft
0.05,0.2435705368289638,2.25,1.75,10,voxelwise_rft
0.15,0.2611111111111111,2.25,2.0,10,voxelwise_rft
0.0,0.268601747815231,2.25,2.25,10,voxelwise_rft
0.05,0.2781523096129838,2.25,2.5,10,voxelwise_rft
0.2,0.286079900124844,2.25,2.75,10,voxelwise_rft
0.15,0.29288389513108604,2.25,3.0,10,voxelwise_rft
0.05,0.0,2.5,0.0,10,voxelwise_rft
0.1,0.00021905805038335157,2.5,0.1,10,voxelwise_rft
0.1,0.02113910186199343,2.5,0.25,10,voxelwise_rft
0.15,0.11051478641840089,2.5,0.5,10,voxelwise_rft
0.0,0.147645125958379,2.5,0.75,10,voxelwise_rft
0.0,0.1812157721796276,2.5,1.0,10,voxelwise_rft
0.1,0.21035049288061333,2.5,1.25,10,voxelwise_rft
0.05,0.2272179627601314,2.5,1.5,10,voxelwise_rft
0.05,0.2380613362541073,2.5,1.75,10,voxelwise_rft
0.1,0.2519167579408543,2.5,2.0,10,voxelwise_rft
0.0,0.2583242059145674,2.5,2.25,10,voxelwise_rft
0.05,0.2700985761226725,2.5,2.5,10,voxelwise_rft
0.2,0.27716319824753566,2.5,2.75,10,voxelwise_rft
0.1,0.28658269441401973,2.5,3.0,10,voxelwise_rft
0.0,0.0,2.75,0.0,10,voxelwise_rft
0.0,0.0,2.75,0.1,10,voxelwise_rft
0.15,0.019020172910662825,2.75,0.25,10,voxelwise_rft
0.05,0.10470701248799233,2.75,0.5,10,voxelwise_rft
0.05,0.14284341978866474,2.75,0.75,10,voxelwise_rft
0.0,0.1759846301633045,2.75,1.0,10,voxelwise_rft
0.1,0.1974063400576369,2.75,1.25,10,voxelwise_rft
0.15,0.2143611911623439,2.75,1.5,10,voxelwise_rft
0.05,0.22809798270893372,2.75,1.75,10,voxelwise_rft
0.1,0.2394812680115274,2.75,2.0,10,voxelwise_rft
0.0,0.2504322766570605,2.75,2.25,10,voxelwise_rft
0.1,0.26243996157540833,2.75,2.5,10,voxelwise_rft
0.15,0.26767531219980795,2.75,2.75,10,voxelwise_rft
0.1,0.27574447646493755,2.75,3.0,10,voxelwise_rft
0.15,0.00017346053772766696,3.0,0.0,10,voxelwise_rft
0.15,0.0006504770164787511,3.0,0.1,10,voxelwise_rft
0.1,0.02987857762359063,3.0,0.25,10,voxelwise_rft
0.0,0.10498699045967044,3.0,0.5,10,voxelwise_rft
0.2,0.14258456201214226,3.0,0.75,10,voxelwise_rft
0.15,0.17233304423243712,3.0,1.0,10,voxelwise_rft
0.1,0.19249783174327842,3.0,1.25,10,voxelwise_rft
0.05,0.21235906331309623,3.0,1.5,10,voxelwise_rft
0.15,0.22762359063313098,3.0,1.75,10,voxelwise_rft
0.2,0.24102341717259326,3.0,2.0,10,voxelwise_rft
0.05,0.2471812662619254,3.0,2.25,10,voxelwise_rft
0.15,0.2575021682567216,3.0,2.5,10,voxelwise_rft
0.05,0.2705984388551605,3.0,2.75,10,voxelwise_rft
0.0,0.2711188204683434,3.0,3.0,10,voxelwise_rft
0.0,0.0,0.0,0.0,15,voxelwise_rft
0.0,0.0,0.0,0.1,15,voxelwise_rft
0.0,0.0,0.0,0.25,15,voxelwise_rft
0.0,0.0,0.0,0.5,15,voxelwise_rft
0.0,0.001327433628318584,0.0,0.75,15,voxelwise_rft
0.0,0.014601769911504425,0.0,1.0,15,voxelwise_rft
0.05,0.055309734513274346,0.0,1.25,15,voxelwise_rft
0.0,0.15176991150442476,0.0,1.5,15,voxelwise_rft
0.0,0.3190265486725664,0.0,1.75,15,voxelwise_rft
0.0,0.5163716814159294,0.0,2.0,15,voxelwise_rft
0.0,0.7389380530973451,0.0,2.25,15,voxelwise_rft
0.05,0.8752212389380529,0.0,2.5,15,voxelwise_rft
0.0,0.9517699115044248,0.0,2.75,15,voxelwise_rft
0.0,0.9858407079646019,0.0,3.0,15,voxelwise_rft
0.0,0.0,0.1,0.0,15,voxelwise_rft
0.0,0.0,0.1,0.1,15,voxelwise_rft
0.0,0.0,0.1,0.25,15,voxelwise_rft
0.0,0.0017699115044247787,0.1,0.5,15,voxelwise_rft
0.0,0.004424778761061947,0.1,0.75,15,voxelwise_rft
0.0,0.012389380530973451,0.1,1.0,15,voxelwise_rft
0.0,0.060176991150442484,0.1,1.25,15,voxelwise_rft
0.0,0.1495575221238938,0.1,1.5,15,voxelwise_rft
0.0,0.3199115044247788,0.1,1.75,15,voxelwise_rft
0.0,0.5309734513274336,0.1,2.0,15,voxelwise_rft
0.0,0.7349557522123894,0.1,2.25,15,voxelwise_rft
0.0,0.8836283185840708,0.1,2.5,15,voxelwise_rft
0.05,0.9557522123893805,0.1,2.75,15,voxelwise_rft
0.0,0.9871681415929207,0.1,3.0,15,voxelwise_rft
0.0,0.0,0.25,0.0,15,voxelwise_rft
0.0,0.0,0.25,0.1,15,voxelwise_rft
0.0,0.0,0.25,0.25,15,voxelwise_rft
0.0,0.0,0.25,0.5,15,voxelwise_rft
0.0,0.003020134228187919,0.25,0.75,15,voxelwise_rft
0.0,0.012080536912751677,0.25,1.0,15,voxelwise_rft
0.0,0.04161073825503355,0.25,1.25,15,voxelwise_rft
0.0,0.12013422818791945,0.25,1.5,15,voxelwise_rft
0.0,0.25302013422818787,0.25,1.75,15,voxelwise_rft
0.0,0.41442953020134227,0.25,2.0,15,voxelwise_rft
0.0,0.5708053691275168,0.25,2.25,15,voxelwise_rft
0.0,0.6687919463087248,0.25,2.5,15,voxelwise_rft
0.0,0.7241610738255033,0.25,2.75,15,voxelwise_rft
0.0,0.7500000000000001,0.25,3.0,15,voxelwise_rft
0.05,0.0,0.5,0.0,15,voxelwise_rft
0.0,0.0,0.5,0.1,15,voxelwise_rft
0.0,0.0,0.5,0.25,15,voxelwise_rft
0.05,0.002347417840375587,0.5,0.5,15,voxelwise_rft
0.0,0.01713615023474178,0.5,0.75,15,voxelwise_rft
0.0,0.08591549295774649,0.5,1.0,15,voxelwise_rft
0.0,0.23873239436619714,0.5,1.25,15,voxelwise_rft
0.0,0.40234741784037553,0.5,1.5,15,voxelwise_rft
0.0,0.4784037558685446,0.5,1.75,15,voxelwise_rft
0.0,0.5154929577464789,0.5,2.0,15,voxelwise_rft
0.0,0.5269953051643192,0.5,2.25,15,voxelwise_rft
0.0,0.5295774647887324,0.5,2.5,15,voxelwise_rft
0.0,0.5309859154929576,0.5,2.75,15,voxelwise_rft
0.0,0.5305164319248825,0.5,3.0,15,voxelwise_rft
0.0,0.0,0.75,0.0,15,voxelwise_rft
0.0,0.0,0.75,0.1,15,voxelwise_rft
0.0,0.0005263157894736842,0.75,0.25,15,voxelwise_rft
0.05,0.03912280701754386,0.75,0.5,15,voxelwise_rft
0.0,0.2,0.75,0.75,15,voxelwise_rft
0.0,0.336140350877193,0.75,1.0,15,voxelwise_rft
0.0,0.38157894736842113,0.75,1.25,15,voxelwise_rft
0.0,0.398421052631579,0.75,1.5,15,voxelwise_rft
0.0,0.41228070175438597,0.75,1.75,15,voxelwise_rft
0.0,0.4245614035087718,0.75,2.0,15,voxelwise_rft
0.05,0.43894736842105264,0.75,2.25,15,voxelwise_rft
0.0,0.4510526315789473,0.75,2.5,15,voxelwise_rft
0.05,0.4605263157894736,0.75,2.75,15,voxelwise_rft
0.05,0.4745614035087719,0.75,3.0,15,voxelwise_rft
0.0,0.0,1.0,0.0,15,voxelwise_rft
0.0,0.0,1.0,0.1,15,voxelwise_rft
0.0,0.0017191977077363897,1.0,0.25,15,voxelwise_rft
0.0,0.11876790830945558,1.0,0.5,15,voxelwise_rft
0.05,0.27249283667621776,1.0,0.75,15,voxelwise_rft
0.05,0.31948424068767906,1.0,1.0,15,voxelwise_rft
0.05,0.3454154727793697,1.0,1.25,15,voxelwise_rft
0.05,0.36805157593123206,1.0,1.5,15,voxelwise_rft
0.1,0.38739255014326657,1.0,1.75,15,voxelwise_rft
0.0,0.39756446991404015,1.0,2.0,15,voxelwise_rft
0.0,0.4070200573065902,1.0,2.25,15,voxelwise_rft
0.05,0.4137535816618912,1.0,2.5,15,voxelwise_rft
0.1,0.4220630372492836,1.0,2.75,15,voxelwise_rft
0.05,0.429942693409742,1.0,3.0,15,voxelwise_rft
0.05,0.0,1.25,0.0,15,voxelwise_rft
0.0,0.0002331002331002331,1.25,0.1,15,voxelwise_rft
0.0,0.013170163170163174,1.25,0.25,15,voxelwise_rft
0.1,0.1794871794871795,1.25,0.5,15,voxelwise_rft
0.05,0.2561771561771562,1.25,0.75,15,voxelwise_rft
0.0,0.28752913752913756,1.25,1.0,15,voxelwise_rft
0.05,0.31608391608391606,1.25,1.25,15,voxelwise_rft
0.05,0.3354312354312355,1.25,1.5,15,voxelwise_rft
0.05,0.3452214452214452,1.25,1.75,15,voxelwise_rft
0.05,0.35734265734265735,1.25,2.0,15,voxelwise_rft
0.05,0.36701631701631704,1.25,2.25,15,voxelwise_rft
0.0,0.37878787878787884,1.25,2.5,15,voxelwise_rft
0.05,0.3910256410256411,1.25,2.75,15,voxelwise_rft
0.1,0.3959207459207459,1.25,3.0,15,voxelwise_rft
0.1,0.0,1.5,0.0,15,voxelwise_rft
0.0,0.00029469548133595285,1.5,0.1,15,voxelwise_rft
0.1,0.029273084479371315,1.5,0.25,15,voxelwise_rft
0.0,0.18290766208251474,1.5,0.5,15,voxelwise_rft
0.05,0.23840864440078585,1.5,0.75,15,voxelwise_rft
0.05,0.2729862475442043,1.5,1.0,15,voxelwise_rft
0.05,0.29715127701375244,1.5,1.25,15,voxelwise_rft
0.05,0.30923379174852655,1.5,1.5,15,voxelwise_rft
0.05,0.3269155206286837,1.5,1.75,15,voxelwise_rft
0.0,0.34577603143418467,1.5,2.0,15,voxelwise_rft
0.1,0.35304518664047146,1.5,2.25,15,voxelwise_rft
0.0,0.35766208251473475,1.5,2.5,15,voxelwise_rft
0.0,0.36591355599214137,1.5,2.75,15,voxelwise_rft
0.1,0.37062868369351676,1.5,3.0,15,voxelwise_rft
0.05,0.0,1.75,0.0,15,voxelwise_rft
0.1,0.002066115702479339,1.75,0.1,15,voxelwise_rft
0.05,0.03669421487603307,1.75,0.25,15,voxelwise_rft
0.1,0.17363636363636364,1.75,0.5,15,voxelwise_rft
0.05,0.2190909090909091,1.75,0.75,15,voxelwise_rft
0.0,0.2515702479338843,1.75,1.0,15,voxelwise_rft
0.0,0.2740495867768595,1.75,1.25,15,voxelwise_rft
0.0,0.2940495867768595,1.75,1.5,15,voxelwise_rft
0.05,0.3050413223140496,1.75,1.75,15,voxelwise_rft
0.0,0.316198347107438,1.75,2.0,15,voxelwise_rft
0.25,0.32528925619834714,1.75,2.25,15,voxelwise_rft
0.0,0.3356198347107438,1.75,2.5,15,voxelwise_rft
0.05,0.34371900826446283,1.75,2.75,15,voxelwise_rft
0.1,0.3511570247933884,1.75,3.0,15,voxelwise_rft
0.15,0.00014347202295552367,2.0,0.0,15,voxelwise_rft
0.1,0.0020086083213773313,2.0,0.1,15,voxelwise_rft
0.0,0.06119081779053085,2.0,0.25,15,voxelwise_rft
0.1,0.16779053084648496,2.0,0.5,15,voxelwise_rft
0.0,0.21685796269727403,2.0,0.75,15,voxelwise_rft
0.0,0.24139167862266855,2.0,1.0,15,voxelwise_rft
0.05,0.26262553802008604,2.0,1.25,15,voxelwise_rft
0.05,0.2778335724533716,2.0,1.5,15,voxelwise_rft
0.1,0.29139167862266857,2.0,1.75,15,voxelwise_rft
0.0,0.3065279770444763,2.0,2.0,15,voxelwise_rft
0.1,0.31506456241033,2.0,2.25,15,voxelwise_rft
0.1,0.32690100430416075,2.0,2.5,15,voxelwise_rft
0.0,0.33522238163558105,2.0,2.75,15,voxelwise_rft
0.05,0.3433285509325682,2.0,3.0,15,voxelwise_rft
0.05,0.0,2.25,0.0,15,voxelwise_rft
0.05,0.002309612983770287,2.25,0.1,15,voxelwise_rft
0.0,0.06953807740324594,2.25,0.25,15,voxelwise_rft
0.05,0.1641697877652934,2.25,0.5,15,voxelwise_rft
0.05,0.2026841448189763,2.25,0.75,15,voxelwise_rft
0.0,0.23177278401997503,2.25,1.0,15,voxelwise_rft
0.1,0.2557428214731585,2.25,1.25,15,voxelwise_rft
0.0,0.2682896379525593,2.25,1.5,15,voxelwise_rft
0.05,0.2812734082397004,2.25,1.75,15,voxelwise_rft
0.05,0.2931335830212235,2.25,2.0,15,voxelwise_rft
0.15,0.3063670411985019,2.25,2.25,15,voxelwise_rft
0.05,0.31242197253433207,2.25,2.5,15,voxelwise_rft
0.0,0.31741573033707865,2.25,2.75,15,voxelwise_rft
0.05,0.33102372034956307,2.25,3.0,15,voxelwise_rft
0.1,0.0,2.5,0.0,15,voxelwise_rft
0.05,0.0012048192771084338,2.5,0.1,15,voxelwise_rft
0.2,0.07245345016429353,2.5,0.25,15,voxelwise_rft
0.1,0.15525739320920043,2.5,0.5,15,voxelwise_rft
0.1,0.19671412924424975,2.5,0.75,15,voxelwise_rft
0.1,0.21763417305585983,2.5,1.0,15,voxelwise_rft
0.05,0.24359255202628693,2.5,1.25,15,voxelwise_rft
0.0,0.26024096385542167,2.5,1.5,15,voxelwise_rft
0.1,0.2722343921139102,2.5,1.75,15,voxelwise_rft
0.1,0.28280394304490686,2.5,2.0,15,voxelwise_rft
0.0,0.2949616648411829,2.5,2.25,15,voxelwise_rft
0.05,0.30585980284775466,2.5,2.5,15,voxelwise_rft
0.05,0.3151150054764513,2.5,2.75,15,voxelwise_rft
0.0,0.3192223439211391,2.5,3.0,15,voxelwise_rft
0.1,0.00019212295869356388,2.75,0.0,15,voxelwise_rft
0.0,0.003650336215177713,2.75,0.1,15,voxelwise_rft
0.05,0.07002881844380403,2.75,0.25,15,voxelwise_rft
0.05,0.14178674351585013,2.75,0.5,15,voxelwise_rft
0.0,0.1845821325648415,2.75,0.75,15,voxelwise_rft
0.1,0.2178674351585014,2.75,1.0,15,voxelwise_rft
0.05,0.2311719500480307,2.75,1.25,15,voxelwise_rft
0.2,0.24985590778097982,2.75,1.5,15,voxelwise_rft
0.1,0.26863592699327565,2.75,1.75,15,voxelwise_rft
0.2,0.2773775216138329,2.75,2.0,15,voxelwise_rft
0.05,0.285014409221902,2.75,2.25,15,voxelwise_rft
0.05,0.29365994236311244,2.75,2.5,15,voxelwise_rft
0.05,0.30244956772334286,2.75,2.75,15,voxelwise_rft
0.1,0.3104707012487993,2.75,3.0,15,voxelwise_rft
0.1,4.336513443191674e-05,3.0,0.0,15,voxelwise_rft
0.0,0.0022549869904596705,3.0,0.1,15,voxelwise_rft
0.1,0.07172593235039028,3.0,0.25,15,voxelwise_rft
0.05,0.14492627927146579,3.0,0.5,15,voxelwise_rft
0.05,0.18681699913269728,3.0,0.75,15,voxelwise_rft
0.0,0.2117953165654814,3.0,1.0,15,voxelwise_rft
0.1,0.22523850823937558,3.0,1.25,15,voxelwise_rft
0.05,0.2522549869904597,3.0,1.5,15,voxelwise_rft
0.0,0.25646140503035564,3.0,1.75,15,voxelwise_rft
0.05,0.27428447528187333,3.0,2.0,15,voxelwise_rft
0.05,0.27957502168256726,3.0,2.25,15,voxelwise_rft
0.1,0.2967042497831744,3.0,2.5,15,voxelwise_rft
0.05,0.29913269731136166,3.0,2.75,15,voxelwise_rft
0.0,0.3088031222896791,3.0,3.0,15,voxelwise_rft
0.0,0.0,0.0,0.0,20,voxelwise_rft
0.0,0.0,0.0,0.1,20,voxelwise_rft
0.0,0.0,0.0,0.25,20,voxelwise_rft
0.0,0.0004424778761061947,0.0,0.5,20,voxelwise_rft
0.0,0.010176991150442478,0.0,0.75,20,voxelwise_rft
0.0,0.06769911504424779,0.0,1.0,20,voxelwise_rft
0.0,0.22876106194690266,0.0,1.25,20,voxelwise_rft
0.0,0.5287610619469026,0.0,1.5,20,voxelwise_rft
0.0,0.7924778761061946,0.0,1.75,20,voxelwise_rft
0.0,0.9380530973451326,0.0,2.0,20,voxelwise_rft
0.0,0.9911504424778764,0.0,2.25,20,voxelwise_rft
0.0,0.9986725663716814,0.0,2.5,20,voxelwise_rft
0.1,1.0,0.0,2.75,20,voxelwise_rft
0.0,1.0,0.0,3.0,20,voxelwise_rft
0.0,0.0,0.1,0.0,20,voxelwise_rft
0.0,0.0,0.1,0.1,20,voxelwise_rft
0.0,0.0,0.1,0.25,20,voxelwise_rft
0.0,0.002654867256637168,0.1,0.5,20,voxelwise_rft
0.0,0.011061946902654867,0.1,0.75,20,voxelwise_rft
0.0,0.0765486725663717,0.1,1.0,20,voxelwise_rft
0.0,0.24336283185840704,0.1,1.25,20,voxelwise_rft
0.0,0.5283185840707965,0.1,1.5,20,voxelwise_rft
0.0,0.7969026548672568,0.1,1.75,20,voxelwise_rft
0.0,0.94070796460177,0.1,2.0,20,voxelwise_rft
0.0,0.9893805309734514,0.1,2.25,20,voxelwise_rft
0.0,0.9982300884955752,0.1,2.5,20,voxelwise_rft
0.05,0.9995575221238937,0.1,2.75,20,voxelwise_rft
0.0,1.0,0.1,3.0,20,voxelwise_rft
0.0,0.0,0.25,0.0,20,voxelwise_rft
0.05,0.0,0.25,0.1,20,voxelwise_rft
0.0,0.0,0.25,0.25,20,voxelwise_rft
0.0,0.001006711409395973,0.25,0.5,20,voxelwise_rft
0.05,0.007046979865771812,0.25,0.75,20,voxelwise_rft
0.0,0.05469798657718121,0.25,1.0,20,voxelwise_rft
0.0,0.17114093959731544,0.25,1.25,20,voxelwise_rft
0.0,0.38791946308724834,0.25,1.5,20,voxelwise_rft
0.0,0.6067114093959731,0.25,1.75,20,voxelwise_rft
0.0,0.7137583892617452,0.25,2.0,20,voxelwise_rft
0.0,0.7486577181208054,0.25,2.25,20,voxelwise_rft
0.0,0.7573825503355704,0.25,2.5,20,voxelwise_rft
0.0,0.7583892617449665,0.25,2.75,20,voxelwise_rft
0.05,0.7583892617449665,0.25,3.0,20,voxelwise_rft
0.0,0.0,0.5,0.0,20,voxelwise_rft
0.05,0.0,0.5,0.1,20,voxelwise_rft
0.0,0.00023474178403755868,0.5,0.25,20,voxelwise_rft
0.05,0.005633802816901408,0.5,0.5,20,voxelwise_rft
0.0,0.08262910798122067,0.5,0.75,20,voxelwise_rft
0.0,0.28920187793427227,0.5,1.0,20,voxelwise_rft
0.0,0.4624413145539907,0.5,1.25,20,voxelwise_rft
0.0,0.5178403755868544,0.5,1.5,20,voxelwise_rft
0.0,0.5295774647887324,0.5,1.75,20,voxelwise_rft
0.0,0.5305164319248825,0.5,2.0,20,voxelwise_rft
0.0,0.5309859154929576,0.5,2.25,20,voxelwise_rft
0.0,0.5309859154929576,0.5,2.5,20,voxelwise_rft
0.0,0.5312206572769952,0.5,2.75,20,voxelwise_rft
0.0,0.5345070422535212,0.5,3.0,20,voxelwise_rft
0.0,0.0,0.75,0.0,20,voxelwise_rft
0.05,0.00017543859649122808,0.75,0.1,20,voxelwise_rft
0.0,0.002982456140350877,0.75,0.25,20,voxelwise_rft
0.0,0.133859649122807,0.75,0.5,20,voxelwise_rft
0.0,0.3366666666666667,0.75,0.75,20,voxelwise_rft
0.0,0.38403508771929823,0.75,1.0,20,voxelwise_rft
0.0,0.40614035087719297,0.75,1.25,20,voxelwise_rft
0.05,0.42508771929824557,0.75,1.5,20,voxelwise_rft
0.05,0.4364912280701755,0.75,1.75,20,voxelwise_rft
0.0,0.4582456140350876,0.75,2.0,20,voxelwise_rft
0.0,0.46842105263157896,0.75,2.25,20,voxelwise_rft
0.05,0.4791228070175439,0.75,2.5,20,voxelwise_rft
0.0,0.48789473684210527,0.75,2.75,20,voxelwise_rft
0.0,0.4966666666666667,0.75,3.0,20,voxelwise_rft
0.0,0.0,1.0,0.0,20,voxelwise_rft
0.0,0.00014326647564469913,1.0,0.1,20,voxelwise_rft
0.0,0.012893982808022925,1.0,0.25,20,voxelwise_rft
0.05,0.23252148997134672,1.0,0.5,20,voxelwise_rft
0.0,0.31361031518624644,1.0,0.75,20,voxelwise_rft
0.0,0.3489971346704871,1.0,1.0,20,voxelwise_rft
0.05,0.37636103151862466,1.0,1.25,20,voxelwise_rft
0.05,0.3946991404011462,1.0,1.5,20,voxelwise_rft
0.0,0.40830945558739257,1.0,1.75,20,voxelwise_rft
0.0,0.419054441260745,1.0,2.0,20,voxelwise_rft
0.0,0.42464183381088816,1.0,2.25,20,voxelwise_rft
0.0,0.4348137535816619,1.0,2.5,20,voxelwise_rft
0.1,0.4439828080229226,1.0,2.75,20,voxelwise_rft
0.05,0.44799426934097425,1.0,3.0,20,voxelwise_rft
0.05,0.00011655011655011655,1.25,0.0,20,voxelwise_rft
0.1,0.00011655011655011655,1.25,0.1,20,voxelwise_rft
0.0,0.03986013986013985,1.25,0.25,20,voxelwise_rft
0.15,0.23193473193473194,1.25,0.5,20,voxelwise_rft
0.0,0.28706293706293706,1.25,0.75,20,voxelwise_rft
0.0,0.32296037296037294,1.25,1.0,20,voxelwise_rft
0.0,0.34009324009324005,1.25,1.25,20,voxelwise_rft
0.0,0.35058275058275057,1.25,1.5,20,voxelwise_rft
0.0,0.3674825174825175,1.25,1.75,20,voxelwise_rft
0.0,0.38310023310023306,1.25,2.0,20,voxelwise_rft
0.0,0.3932400932400933,1.25,2.25,20,voxelwise_rft
0.0,0.4047785547785548,1.25,2.5,20,voxelwise_rft
0.0,0.410955710955711,1.25,2.75,20,voxelwise_rft
0.1,0.41538461538461535,1.25,3.0,20,voxelwise_rft
0.0,0.0,1.5,0.0,20,voxelwise_rft
0.05,0.0003929273084479371,1.5,0.1,20,voxelwise_rft
0.1,0.0730844793713163,1.5,0.25,20,voxelwise_rft
0.0,0.2219056974459725,1.5,0.5,20,voxelwise_rft
0.05,0.26699410609037333,1.5,0.75,20,voxelwise_rft
0.0,0.2940078585461689,1.5,1.0,20,voxelwise_rft
0.05,0.31925343811394896,1.5,1.25,20,voxelwise_rft
0.0,0.33546168958742634,1.5,1.5,20,voxelwise_rft
0.05,0.3482318271119843,1.5,1.75,20,voxelwise_rft
0.0,0.36110019646365427,1.5,2.0,20,voxelwise_rft
0.1,0.36866404715127704,1.5,2.25,20,voxelwise_rft
0.05,0.37524557956777993,1.5,2.5,20,voxelwise_rft
0.1,0.38516699410609034,1.5,2.75,20,voxelwise_rft
0.0,0.3880157170923379,1.5,3.0,20,voxelwise_rft
0.0,0.0001652892561983471,1.75,0.0,20,voxelwise_rft
0.0,0.0015702479338842977,1.75,0.1,20,voxelwise_rft
0.0,0.09231404958677686,1.75,0.25,20,voxelwise_rft
0.1,0.2081818181818182,1.75,0.5,20,voxelwise_rft
0.0,0.25,1.75,0.75,20,voxelwise_rft
0.05,0.2809090909090909,1.75,1.0,20,voxelwise_rft
0.05,0.3001652892561983,1.75,1.25,20,voxelwise_rft
0.2,0.3099173553719009,1.75,1.5,20,voxelwise_rft
0.1,0.32578512396694215,1.75,1.75,20,voxelwise_rft
0.0,0.33925619834710735,1.75,2.0,20,voxelwise_rft
0.0,0.34735537190082644,1.75,2.25,20,voxelwise_rft
0.1,0.358099173553719,1.75,2.5,20,voxelwise_rft
0.0,0.3657024793388429,1.75,2.75,20,voxelwise_rft
0.0,0.3747107438016529,1.75,3.0,20,voxelwise_rft
0.0,0.0,2.0,0.0,20,voxelwise_rft
0.05,0.002367288378766141,2.0,0.1,20,voxelwise_rft
0.2,0.09368723098995697,2.0,0.25,20,voxelwise_rft
0.05,0.19411764705882356,2.0,0.5,20,voxelwise_rft
0.0,0.23902439024390243,2.0,0.75,20,voxelwise_rft
0.0,0.2660688665710187,2.0,1.0,20,voxelwise_rft
0.05,0.28637015781922526,2.0,1.25,20,voxelwise_rft
0.1,0.2989956958393113,2.0,1.5,20,voxelwise_rft
0.2,0.31850789096126253,2.0,1.75,20,voxelwise_rft
0.1,0.32840746054519365,2.0,2.0,20,voxelwise_rft
0.15,0.3395265423242468,2.0,2.25,20,voxelwise_rft
0.05,0.34684361549497844,2.0,2.5,20,voxelwise_rft
0.05,0.3548780487804878,2.0,2.75,20,voxelwise_rft
0.05,0.36047345767575323,2.0,3.0,20,voxelwise_rft
0.0,0.0,2.25,0.0,20,voxelwise_rft
0.25,0.005867665418227216,2.25,0.1,20,voxelwise_rft
0.0,0.10149812734082397,2.25,0.25,20,voxelwise_rft
0.1,0.18926342072409486,2.25,0.5,20,voxelwise_rft
0.05,0.2279650436953808,2.25,0.75,20,voxelwise_rft
0.05,0.25436953807740326,2.25,1.0,20,voxelwise_rft
0.05,0.2727840199750312,2.25,1.25,20,voxelwise_rft
0.05,0.2931335830212235,2.25,1.5,20,voxelwise_rft
0.05,0.30936329588014977,2.25,1.75,20,voxelwise_rft
0.05,0.3121722846441948,2.25,2.0,20,voxelwise_rft
0.0,0.32203495630461926,2.25,2.25,20,voxelwise_rft
0.1,0.334769038701623,2.25,2.5,20,voxelwise_rft
0.0,0.34631710362047435,2.25,2.75,20,voxelwise_rft
0.05,0.3516229712858926,2.25,3.0,20,voxelwise_rft
0.0,0.0,2.5,0.0,20,voxelwise_rft
0.05,0.003066812705366922,2.5,0.1,20,voxelwise_rft
0.0,0.10794085432639651,2.5,0.25,20,voxelwise_rft
0.15,0.17760131434830229,2.5,0.5,20,voxelwise_rft
0.05,0.21714129244249727,2.5,0.75,20,voxelwise_rft
0.1,0.24490690032858708,2.5,1.0,20,voxelwise_rft
0.05,0.2659364731653889,2.5,1.25,20,voxelwise_rft
0.1,0.2811062431544359,2.5,1.5,20,voxelwise_rft
0.05,0.29753559693318726,2.5,1.75,20,voxelwise_rft
0.15,0.31002190580503836,2.5,2.0,20,voxelwise_rft
0.05,0.3146221248630887,2.5,2.25,20,voxelwise_rft
0.0,0.3242606790799562,2.5,2.5,20,voxelwise_rft
0.05,0.3296823658269441,2.5,2.75,20,voxelwise_rft
0.0,0.338170865279299,2.5,3.0,20,voxelwise_rft
0.0,0.0,2.75,0.0,20,voxelwise_rft
0.05,0.0056676272814601344,2.75,0.1,20,voxelwise_rft
0.05,0.09250720461095101,2.75,0.25,20,voxelwise_rft
0.0,0.16868395773294909,2.75,0.5,20,voxelwise_rft
0.05,0.2121998078770413,2.75,0.75,20,voxelwise_rft
0.05,0.23842459173871275,2.75,1.0,20,voxelwise_rft
0.2,0.2555715658021134,2.75,1.25,20,voxelwise_rft
0.1,0.2740153698366955,2.75,1.5,20,voxelwise_rft
0.1,0.2847742555235351,2.75,1.75,20,voxelwise_rft
0.05,0.29106628242074933,2.75,2.0,20,voxelwise_rft
0.1,0.3058597502401537,2.75,2.25,20,voxelwise_rft
0.05,0.3155139289145053,2.75,2.5,20,voxelwise_rft
0.0,0.32295869356388096,2.75,2.75,20,voxelwise_rft
0.0,0.3290105667627281,2.75,3.0,20,voxelwise_rft
0.0,0.00017346053772766696,3.0,0.0,20,voxelwise_rft
0.05,0.007415437987857763,3.0,0.1,20,voxelwise_rft
0.0,0.09982653946227232,3.0,0.25,20,voxelwise_rft
0.0,0.16565481352992195,3.0,0.5,20,voxelwise_rft
0.05,0.2,3.0,0.75,20,voxelwise_rft
0.0,0.23607979184735473,3.0,1.0,20,voxelwise_rft
0.0,0.2477016478751084,3.0,1.25,20,voxelwise_rft
0.0,0.2699045967042498,3.0,1.5,20,voxelwise_rft
0.0,0.27666955767562884,3.0,1.75,20,voxelwise_rft
0.05,0.29549002601908064,3.0,2.0,20,voxelwise_rft
0.0,0.3049002601908065,3.0,2.25,20,voxelwise_rft
0.0,0.31045099739809195,3.0,2.5,20,voxelwise_rft
0.05,0.31773633998265394,3.0,2.75,20,voxelwise_rft
0.0,0.32606244579358196,3.0,3.0,20,voxelwise_rft
0.0,0.0,0.0,0.0,30,voxelwise_rft
0.0,0.0,0.0,0.1,30,voxelwise_rft
0.0,0.0,0.0,0.25,30,voxelwise_rft
0.0,0.0022123893805309734,0.0,0.5,30,voxelwise_rft
0.0,0.0902654867256637,0.0,0.75,30,voxelwise_rft
0.0,0.38141592920353984,0.0,1.0,30,voxelwise_rft
0.0,0.772566371681416,0.0,1.25,30,voxelwise_rft
0.0,0.9707964601769913,0.0,1.5,30,voxelwise_rft
0.0,0.9982300884955752,0.0,1.75,30,voxelwise_rft
0.0,1.0,0.0,2.0,30,voxelwise_rft
0.0,1.0,0.0,2.25,30,voxelwise_rft
0.0,1.0,0.0,2.5,30,voxelwise_rft
0.05,1.0,0.0,2.75,30,voxelwise_rft
0.0,1.0,0.0,3.0,30,voxelwise_rft
0.05,0.0,0.1,0.0,30,voxelwise_rft
0.0,0.0,0.1,0.1,30,voxelwise_rft
0.0,0.0,0.1,0.25,30,voxelwise_rft
0.0,0.005309734513274336,0.1,0.5,30,voxelwise_rft
0.0,0.08053097345132743,0.1,0.75,30,voxelwise_rft
0.0,0.3663716814159292,0.1,1.0,30,voxelwise_rft
0.0,0.7898230088495576,0.1,1.25,30,voxelwise_rft
0.0,0.9672566371681416,0.1,1.5,30,voxelwise_rft
0.05,0.9973451327433629,0.1,1.75,30,voxelwise_rft
0.0,1.0,0.1,2.0,30,voxelwise_rft
0.05,1.0,0.1,2.25,30,voxelwise_rft
0.0,1.0,0.1,2.5,30,voxelwise_rft
0.0,1.0,0.1,2.75,30,voxelwise_rft
0.0,1.0,0.1,3.0,30,voxelwise_rft
0.0,0.0,0.25,0.0,30,voxelwise_rft
0.05,0.0,0.25,0.1,30,voxelwise_rft
0.0,0.0003355704697986577,0.25,0.25,30,voxelwise_rft
0.0,0.0046979865771812086,0.25,0.5,30,voxelwise_rft
0.0,0.06845637583892618,0.25,0.75,30,voxelwise_rft
0.0,0.28154362416107387,0.25,1.0,30,voxelwise_rft
0.0,0.601006711409396,0.25,1.25,30,voxelwise_rft
0.0,0.7305369127516779,0.25,1.5,30,voxelwise_rft
0.0,0.7553691275167786,0.25,1.75,30,voxelwise_rft
0.0,0.7583892617449665,0.25,2.0,30,voxelwise_rft
0.0,0.7583892617449665,0.25,2.25,30,voxelwise_rft
0.0,0.7583892617449665,0.25,2.5,30,voxelwise_rft
0.0,0.7583892617449665,0.25,2.75,30,voxelwise_rft
0.0,0.7583892617449665,0.25,3.0,30,voxelwise_rft
0.0,0.0,0.5,0.0,30,voxelwise_rft
0.0,0.0,0.5,0.1,30,voxelwise_rft
0.0,0.0011737089201877935,0.5,0.25,30,voxelwise_rft
0.0,0.05187793427230046,0.5,0.5,30,voxelwise_rft
0.0,0.3215962441314554,0.5,0.75,30,voxelwise_rft
0.0,0.4976525821596244,0.5,1.0,30,voxelwise_rft
0.0,0.5284037558685446,0.5,1.25,30,voxelwise_rft
0.0,0.5305164319248825,0.5,1.5,30,voxelwise_rft
0.0,0.5307511737089201,0.5,1.75,30,voxelwise_rft
0.0,0.5312206572769952,0.5,2.0,30,voxelwise_rft
0.0,0.5342723004694835,0.5,2.25,30,voxelwise_rft
0.0,0.534507042253521,0.5,2.5,30,voxelwise_rft
0.0,0.5396713615023474,0.5,2.75,30,voxelwise_rft
0.0,0.5516431924882629,0.5,3.0,30,voxelwise_rft
0.0,0.0,0.75,0.0,30,voxelwise_rft
0.0,0.0,0.75,0.1,30,voxelwise_rft
0.0,0.01263157894736842,0.75,0.25,30,voxelwise_rft
0.0,0.28684210526315795,0.75,0.5,30,voxelwise_rft
0.0,0.38561403508771935,0.75,0.75,30,voxelwise_rft
0.0,0.4131578947368421,0.75,1.0,30,voxelwise_rft
0.0,0.4342105263157895,0.75,1.25,30,voxelwise_rft
0.0,0.4621052631578947,0.75,1.5,30,voxelwise_rft
0.0,0.47666666666666674,0.75,1.75,30,voxelwise_rft
0.0,0.4892982456140351,0.75,2.0,30,voxelwise_rft
0.05,0.49842105263157893,0.75,2.25,30,voxelwise_rft
0.05,0.5073684210526316,0.75,2.5,30,voxelwise_rft
0.1,0.5135087719298246,0.75,2.75,30,voxelwise_rft
0.05,0.517719298245614,0.75,3.0,30,voxelwise_rft
0.0,0.0,1.0,0.0,30,voxelwise_rft
0.0,0.00028653295128939826,1.0,0.1,30,voxelwise_rft
0.0,0.07277936962750717,1.0,0.25,30,voxelwise_rft
0.05,0.3010028653295129,1.0,0.5,30,voxelwise_rft
0.0,0.35214899713467046,1.0,0.75,30,voxelwise_rft
0.0,0.3882521489971346,1.0,1.0,30,voxelwise_rft
0.05,0.4051575931232092,1.0,1.25,30,voxelwise_rft
0.05,0.4167621776504298,1.0,1.5,30,voxelwise_rft
0.0,0.4319484240687679,1.0,1.75,30,voxelwise_rft
0.0,0.4438395415472779,1.0,2.0,30,voxelwise_rft
0.0,0.4537249283667622,1.0,2.25,30,voxelwise_rft
0.1,0.46332378223495707,1.0,2.5,30,voxelwise_rft
0.05,0.4737822349570201,1.0,2.75,30,voxelwise_rft
0.0,0.4799426934097421,1.0,3.0,30,voxelwise_rft
0.0,0.0,1.25,0.0,30,voxelwise_rft
0.05,0.0022144522144522142,1.25,0.1,30,voxelwise_rft
0.05,0.1351981351981352,1.25,0.25,30,voxelwise_rft
0.0,0.2678321678321678,1.25,0.5,30,voxelwise_rft
0.0,0.32319347319347325,1.25,0.75,30,voxelwise_rft
0.0,0.34603729603729605,1.25,1.0,30,voxelwise_rft
0.0,0.3655011655011655,1.25,1.25,30,voxelwise_rft
0.0,0.38589743589743597,1.25,1.5,30,voxelwise_rft
0.05,0.4,1.25,1.75,30,voxelwise_rft
0.0,0.41130536130536133,1.25,2.0,30,voxelwise_rft
0.05,0.41864801864801865,1.25,2.25,30,voxelwise_rft
0.05,0.42575757575757567,1.25,2.5,30,voxelwise_rft
0.05,0.42948717948717946,1.25,2.75,30,voxelwise_rft
0.0,0.4355477855477855,1.25,3.0,30,voxelwise_rft
0.0,0.0,1.5,0.0,30,voxelwise_rft
0.05,0.005402750491159135,1.5,0.1,30,voxelwise_rft
0.1,0.15216110019646364,1.5,0.25,30,voxelwise_rft
0.0,0.25432220039292736,1.5,0.5,30,voxelwise_rft
0.05,0.2944007858546169,1.5,0.75,30,voxelwise_rft
0.0,0.325540275049116,1.5,1.0,30,voxelwise_rft
0.0,0.3467583497053045,1.5,1.25,30,voxelwise_rft
0.05,0.3603143418467583,1.5,1.5,30,voxelwise_rft
0.0,0.3727897838899804,1.5,1.75,30,voxelwise_rft
0.05,0.38104125736738703,1.5,2.0,30,voxelwise_rft
0.05,0.394106090373281,1.5,2.25,30,voxelwise_rft
0.0,0.40265225933202364,1.5,2.5,30,voxelwise_rft
0.05,0.4087426326129665,1.5,2.75,30,voxelwise_rft
0.05,0.419155206286837,1.5,3.0,30,voxelwise_rft
0.1,0.0,1.75,0.0,30,voxelwise_rft
0.1,0.011487603305785125,1.75,0.1,30,voxelwise_rft
0.05,0.1467768595041322,1.75,0.25,30,voxelwise_rft
0.0,0.23438016528925618,1.75,0.5,30,voxelwise_rft
0.0,0.2763636363636364,1.75,0.75,30,voxelwise_rft
0.05,0.30214876033057847,1.75,1.0,30,voxelwise_rft
0.05,0.32297520661157025,1.75,1.25,30,voxelwise_rft
0.15,0.33809917355371905,1.75,1.5,30,voxelwise_rft
0.0,0.3529752066115702,1.75,1.75,30,voxelwise_rft
0.05,0.3628925619834711,1.75,2.0,30,voxelwise_rft
0.05,0.3737190082644628,1.75,2.25,30,voxelwise_rft
0.0,0.3839669421487603,1.75,2.5,30,voxelwise_rft
0.0,0.3913223140495868,1.75,2.75,30,voxelwise_rft
0.05,0.39347107438016526,1.75,3.0,30,voxelwise_rft
0.1,0.0,2.0,0.0,30,voxelwise_rft
0.05,0.00896700143472023,2.0,0.1,30,voxelwise_rft
0.1,0.14332855093256816,2.0,0.25,30,voxelwise_rft
0.0,0.2296269727403156,2.0,0.5,30,voxelwise_rft
0.2,0.2677905308464849,2.0,0.75,30,voxelwise_rft
0.05,0.2904591104734576,2.0,1.0,30,voxelwise_rft
0.0,0.3126972740315638,2.0,1.25,30,voxelwise_rft
0.0,0.32682926829268294,2.0,1.5,30,voxelwise_rft
0.05,0.34182209469153524,2.0,1.75,30,voxelwise_rft
0.0,0.3510760401721664,2.0,2.0,30,voxelwise_rft
0.05,0.359038737446198,2.0,2.25,30,voxelwise_rft
0.05,0.3687230989956959,2.0,2.5,30,voxelwise_rft
0.05,0.375609756097561,2.0,2.75,30,voxelwise_rft
0.05,0.38393113342898133,2.0,3.0,30,voxelwise_rft
0.05,0.0,2.25,0.0,30,voxelwise_rft
0.05,0.02240948813982522,2.25,0.1,30,voxelwise_rft
0.0,0.13570536828963795,2.25,0.25,30,voxelwise_rft
0.05,0.21810237203495628,2.25,0.5,30,voxelwise_rft
0.0,0.25574282147315847,2.25,0.75,30,voxelwise_rft
0.05,0.2809612983770287,2.25,1.0,30,voxelwise_rft
0.05,0.3016853932584269,2.25,1.25,30,voxelwise_rft
0.05,0.316729088639201,2.25,1.5,30,voxelwise_rft
0.0,0.3262172284644195,2.25,1.75,30,voxelwise_rft
0.05,0.3431960049937578,2.25,2.0,30,voxelwise_rft
0.05,0.349250936329588,2.25,2.25,30,voxelwise_rft
0.05,0.3584893882646692,2.25,2.5,30,voxelwise_rft
0.1,0.3671660424469413,2.25,2.75,30,voxelwise_rft
0.15,0.36878901373283396,2.25,3.0,30,voxelwise_rft
0.05,0.0,2.5,0.0,30,voxelwise_rft
0.0,0.01987951807228916,2.5,0.1,30,voxelwise_rft
0.0,0.14014238773274917,2.5,0.25,30,voxelwise_rft
0.05,0.20815991237677983,2.5,0.5,30,voxelwise_rft
0.0,0.2474808324205914,2.5,0.75,30,voxelwise_rft
0.0,0.2711938663745893,2.5,1.0,30,voxelwise_rft
0.05,0.28910186199342824,2.5,1.25,30,voxelwise_rft
0.1,0.304709748083242,2.5,1.5,30,voxelwise_rft
0.0,0.32031763417305587,2.5,1.75,30,voxelwise_rft
0.05,0.3295728368017525,2.5,2.0,30,voxelwise_rft
0.05,0.34036144578313254,2.5,2.25,30,voxelwise_rft
0.05,0.3494523548740417,2.5,2.5,30,voxelwise_rft
0.05,0.35690032858707554,2.5,2.75,30,voxelwise_rft
0.05,0.3613362541073385,2.5,3.0,30,voxelwise_rft
0.0,0.0,2.75,0.0,30,voxelwise_rft
0.0,0.01940441882804995,2.75,0.1,30,voxelwise_rft
0.0,0.13025936599423632,2.75,0.25,30,voxelwise_rft
0.0,0.19865513928914505,2.75,0.5,30,voxelwise_rft
0.05,0.23650336215177714,2.75,0.75,30,voxelwise_rft
0.05,0.2632084534101825,2.75,1.0,30,voxelwise_rft
0.0,0.2795389048991354,2.75,1.25,30,voxelwise_rft
0.1,0.2935158501440922,2.75,1.5,30,voxelwise_rft
0.0,0.31071085494716616,2.75,1.75,30,voxelwise_rft
0.05,0.31762728146013447,2.75,2.0,30,voxelwise_rft
0.05,0.3282420749279539,2.75,2.25,30,voxelwise_rft
0.15,0.3409221902017291,2.75,2.5,30,voxelwise_rft
0.05,0.3429875120076849,2.75,2.75,30,voxelwise_rft
0.05,0.3504803073967339,2.75,3.0,30,voxelwise_rft
0.0,0.0,3.0,0.0,30,voxelwise_rft
0.05,0.021335646140503036,3.0,0.1,30,voxelwise_rft
0.05,0.12718993928881178,3.0,0.25,30,voxelwise_rft
0.05,0.19232437120555074,3.0,0.5,30,voxelwise_rft
0.0,0.23365134431916737,3.0,0.75,30,voxelwise_rft
0.05,0.2575888985255854,3.0,1.0,30,voxelwise_rft
0.05,0.27953165654813533,3.0,1.25,30,voxelwise_rft
0.05,0.29163052905464004,3.0,1.5,30,voxelwise_rft
0.05,0.307285342584562,3.0,1.75,30,voxelwise_rft
0.05,0.3139635732870772,3.0,2.0,30,voxelwise_rft
0.05,0.32601908065915003,3.0,2.25,30,voxelwise_rft
0.1,0.33304423243712056,3.0,2.5,30,voxelwise_rft
0.05,0.34384215091066783,3.0,2.75,30,voxelwise_rft
0.05,0.35385949696444063,3.0,3.0,30,voxelwise_rft
0.0,0.0,0.0,0.0,45,voxelwise_rft
0.0,0.0,0.0,0.1,45,voxelwise_rft
0.0,0.0008849557522123894,0.0,0.25,45,voxelwise_rft
0.0,0.03849557522123894,0.0,0.5,45,voxelwise_rft
0.0,0.34955752212389374,0.0,0.75,45,voxelwise_rft
0.0,0.861504424778761,0.0,1.0,45,voxelwise_rft
0.0,0.9902654867256636,0.0,1.25,45,voxelwise_rft
0.0,1.0,0.0,1.5,45,voxelwise_rft
0.0,1.0,0.0,1.75,45,voxelwise_rft
0.0,1.0,0.0,2.0,45,voxelwise_rft
0.05,1.0,0.0,2.25,45,voxelwise_rft
0.0,1.0,0.0,2.5,45,voxelwise_rft
0.0,1.0,0.0,2.75,45,voxelwise_rft
0.0,1.0,0.0,3.0,45,voxelwise_rft
0.0,0.0,0.1,0.0,45,voxelwise_rft
0.05,0.0,0.1,0.1,45,voxelwise_rft
0.0,0.0004424778761061947,0.1,0.25,45,voxelwise_rft
0.0,0.0411504424778761,0.1,0.5,45,voxelwise_rft
0.05,0.3654867256637168,0.1,0.75,45,voxelwise_rft
0.0,0.8522123893805309,0.1,1.0,45,voxelwise_rft
0.05,0.9964601769911505,0.1,1.25,45,voxelwise_rft
0.0,1.0,0.1,1.5,45,voxelwise_rft
0.0,1.0,0.1,1.75,45,voxelwise_rft
0.0,1.0,0.1,2.0,45,voxelwise_rft
0.0,1.0,0.1,2.25,45,voxelwise_rft
0.0,1.0,0.1,2.5,45,voxelwise_rft
0.0,1.0,0.1,2.75,45,voxelwise_rft
0.0,1.0,0.1,3.0,45,voxelwise_rft
0.0,0.0,0.25,0.0,45,voxelwise_rft
0.0,0.0,0.25,0.1,45,voxelwise_rft
0.0,0.001006711409395973,0.25,0.25,45,voxelwise_rft
0.0,0.03322147651006711,0.25,0.5,45,voxelwise_rft
0.0,0.2949664429530201,0.25,0.75,45,voxelwise_rft
0.0,0.6516778523489932,0.25,1.0,45,voxelwise_rft
0.0,0.7553691275167786,0.25,1.25,45,voxelwise_rft
0.0,0.7583892617449665,0.25,1.5,45,voxelwise_rft
0.0,0.7583892617449665,0.25,1.75,45,voxelwise_rft
0.0,0.7583892617449665,0.25,2.0,45,voxelwise_rft
0.0,0.7583892617449665,0.25,2.25,45,voxelwise_rft
0.0,0.7583892617449665,0.25,2.5,45,voxelwise_rft
0.0,0.7583892617449665,0.25,2.75,45,voxelwise_rft
0.0,0.7583892617449665,0.25,3.0,45,voxelwise_rft
0.0,0.0,0.5,0.0,45,voxelwise_rft
0.0,0.0,0.5,0.1,45,voxelwise_rft
0.0,0.0035211267605633804,0.5,0.25,45,voxelwise_rft
0.05,0.20492957746478874,0.5,0.5,45,voxelwise_rft
0.0,0.5014084507042254,0.5,0.75,45,voxelwise_rft
0.0,0.5305164319248825,0.5,1.0,45,voxelwise_rft
0.0,0.5312206572769952,0.5,1.25,45,voxelwise_rft
0.0,0.5321596244131455,0.5,1.5,45,voxelwise_rft
0.0,0.5333333333333332,0.5,1.75,45,voxelwise_rft
0.0,0.5384976525821598,0.5,2.0,45,voxelwise_rft
0.0,0.544131455399061,0.5,2.25,45,voxelwise_rft
0.0,0.5568075117370892,0.5,2.5,45,voxelwise_rft
0.0,0.5720657276995305,0.5,2.75,45,voxelwise_rft
0.0,0.5828638497652583,0.5,3.0,45,voxelwise_rft
0.05,0.0,0.75,0.0,45,voxelwise_rft
0.05,0.00017543859649122808,0.75,0.1,45,voxelwise_rft
0.1,0.07701754385964912,0.75,0.25,45,voxelwise_rft
0.0,0.3682456140350877,0.75,0.5,45,voxelwise_rft
0.0,0.41000000000000003,0.75,0.75,45,voxelwise_rft
0.0,0.4466666666666666,0.75,1.0,45,voxelwise_rft
0.0,0.47175438596491237,0.75,1.25,45,voxelwise_rft
0.05,0.48736842105263156,0.75,1.5,45,voxelwise_rft
0.0,0.5024561403508773,0.75,1.75,45,voxelwise_rft
0.05,0.5105263157894736,0.75,2.0,45,voxelwise_rft
0.0,0.5164912280701754,0.75,2.25,45,voxelwise_rft
0.05,0.5214035087719298,0.75,2.5,45,voxelwise_rft
0.05,0.5236842105263158,0.75,2.75,45,voxelwise_rft
0.0,0.527017543859649,0.75,3.0,45,voxelwise_rft
0.0,0.0,1.0,0.0,45,voxelwise_rft
0.05,0.0011461318051575933,1.0,0.1,45,voxelwise_rft
0.0,0.18280802292263612,1.0,0.25,45,voxelwise_rft
0.0,0.33882521489971346,1.0,0.5,45,voxelwise_rft
0.05,0.3832378223495702,1.0,0.75,45,voxelwise_rft
0.0,0.40974212034383956,1.0,1.0,45,voxelwise_rft
0.05,0.42421203438395405,1.0,1.25,45,voxelwise_rft
0.05,0.436676217765043,1.0,1.5,45,voxelwise_rft
0.0,0.4508595988538683,1.0,1.75,45,voxelwise_rft
0.15,0.4680515759312322,1.0,2.0,45,voxelwise_rft
0.0,0.47893982808022917,1.0,2.25,45,voxelwise_rft
0.1,0.4885386819484241,1.0,2.5,45,voxelwise_rft
0.0,0.49169054441260746,1.0,2.75,45,voxelwise_rft
0.0,0.49656160458452725,1.0,3.0,45,voxelwise_rft
0.0,0.0,1.25,0.0,45,voxelwise_rft
0.0,0.008624708624708627,1.25,0.1,45,voxelwise_rft
0.0,0.20932400932400932,1.25,0.25,45,voxelwise_rft
0.05,0.30594405594405594,1.25,0.5,45,voxelwise_rft
0.0,0.3425407925407925,1.25,0.75,45,voxelwise_rft
0.0,0.3707459207459207,1.25,1.0,45,voxelwise_rft
0.0,0.39195804195804196,1.25,1.25,45,voxelwise_rft
0.1,0.4118881118881119,1.25,1.5,45,voxelwise_rft
0.0,0.42121212121212126,1.25,1.75,45,voxelwise_rft
0.05,0.42599067599067597,1.25,2.0,45,voxelwise_rft
0.05,0.4354312354312354,1.25,2.25,45,voxelwise_rft
0.05,0.44428904428904437,1.25,2.5,45,voxelwise_rft
0.05,0.45139860139860144,1.25,2.75,45,voxelwise_rft
0.1,0.4559440559440559,1.25,3.0,45,voxelwise_rft
0.15,0.0,1.5,0.0,45,voxelwise_rft
0.0,0.013261296660117878,1.5,0.1,45,voxelwise_rft
0.0,0.1979371316306483,1.5,0.25,45,voxelwise_rft
0.0,0.28271119842829073,1.5,0.5,45,voxelwise_rft
0.0,0.3208251473477407,1.5,0.75,45,voxelwise_rft
0.0,0.35039292730844795,1.5,1.0,45,voxelwise_rft
0.0,0.36463654223968567,1.5,1.25,45,voxelwise_rft
0.05,0.3830058939096267,1.5,1.5,45,voxelwise_rft
0.15,0.3925343811394892,1.5,1.75,45,voxelwise_rft
0.0,0.40510805500982316,1.5,2.0,45,voxelwise_rft
0.05,0.41611001964636535,1.5,2.25,45,voxelwise_rft
0.05,0.4245579567779961,1.5,2.5,45,voxelwise_rft
0.0,0.431630648330059,1.5,2.75,45,voxelwise_rft
0.05,0.43673870333988213,1.5,3.0,45,voxelwise_rft
0.05,0.0,1.75,0.0,45,voxelwise_rft
0.0,0.030082644628099175,1.75,0.1,45,voxelwise_rft
0.05,0.18487603305785127,1.75,0.25,45,voxelwise_rft
0.1,0.2653719008264463,1.75,0.5,45,voxelwise_rft
0.0,0.3036363636363636,1.75,0.75,45,voxelwise_rft
0.1,0.32586776859504135,1.75,1.0,45,voxelwise_rft
0.05,0.3451239669421488,1.75,1.25,45,voxelwise_rft
0.0,0.3612396694214876,1.75,1.5,45,voxelwise_rft
0.05,0.3756198347107438,1.75,1.75,45,voxelwise_rft
0.1,0.38586776859504135,1.75,2.0,45,voxelwise_rft
0.05,0.39314049586776856,1.75,2.25,45,voxelwise_rft
0.05,0.400909090909091,1.75,2.5,45,voxelwise_rft
0.1,0.4059504132231405,1.75,2.75,45,voxelwise_rft
0.05,0.4127272727272728,1.75,3.0,45,voxelwise_rft
0.05,0.0,2.0,0.0,45,voxelwise_rft
0.0,0.03536585365853658,2.0,0.1,45,voxelwise_rft
0.1,0.18285509325681493,2.0,0.25,45,voxelwise_rft
0.1,0.2564562410329986,2.0,0.5,45,voxelwise_rft
0.0,0.2880200860832138,2.0,0.75,45,voxelwise_rft
0.0,0.31513629842180774,2.0,1.0,45,voxelwise_rft
0.0,0.33407460545193685,2.0,1.25,45,voxelwise_rft
0.0,0.346700143472023,2.0,1.5,45,voxelwise_rft
0.0,0.3592539454806313,2.0,1.75,45,voxelwise_rft
0.1,0.37295552367288376,2.0,2.0,45,voxelwise_rft
0.05,0.38084648493543755,2.0,2.25,45,voxelwise_rft
0.0,0.38931133428981346,2.0,2.5,45,voxelwise_rft
0.15,0.3979913916786227,2.0,2.75,45,voxelwise_rft
0.05,0.40509325681492114,2.0,3.0,45,voxelwise_rft
0.15,0.0,2.25,0.0,45,voxelwise_rft
0.0,0.04307116104868914,2.25,0.1,45,voxelwise_rft
0.05,0.166541822721598,2.25,0.25,45,voxelwise_rft
0.05,0.2422596754057428,2.25,0.5,45,voxelwise_rft
0.05,0.27671660424469413,2.25,0.75,45,voxelwise_rft
0.05,0.3039950062421972,2.25,1.0,45,voxelwise_rft
0.0,0.3190387016229713,2.25,1.25,45,voxelwise_rft
0.05,0.33501872659176035,2.25,1.5,45,voxelwise_rft
0.05,0.34875156054931333,2.25,1.75,45,voxelwise_rft
0.0,0.36416978776529335,2.25,2.0,45,voxelwise_rft
0.05,0.36941323345817734,2.25,2.25,45,voxelwise_rft
0.1,0.3795880149812734,2.25,2.5,45,voxelwise_rft
0.05,0.38495630461922603,2.25,2.75,45,voxelwise_rft
0.1,0.39151061173533086,2.25,3.0,45,voxelwise_rft
0.0,0.0003285870755750274,2.5,0.0,45,voxelwise_rft
0.05,0.059145673603504936,2.5,0.1,45,voxelwise_rft
0.0,0.15974808324205914,2.5,0.25,45,voxelwise_rft
0.0,0.22809419496166483,2.5,0.5,45,voxelwise_rft
0.05,0.2674698795180723,2.5,0.75,45,voxelwise_rft
0.0,0.29715224534501644,2.5,1.0,45,voxelwise_rft
0.0,0.31084337349397595,2.5,1.25,45,voxelwise_rft
0.0,0.328696604600219,2.5,1.5,45,voxelwise_rft
0.0,0.3429901423877328,2.5,1.75,45,voxelwise_rft
0.1,0.3491237677984666,2.5,2.0,45,voxelwise_rft
0.0,0.36155531215772185,2.5,2.25,45,voxelwise_rft
0.05,0.3674151150054764,2.5,2.5,45,voxelwise_rft
0.05,0.3746987951807229,2.5,2.75,45,voxelwise_rft
0.0,0.38515881708652794,2.5,3.0,45,voxelwise_rft
0.0,0.0,2.75,0.0,45,voxelwise_rft
0.05,0.05523535062439962,2.75,0.1,45,voxelwise_rft
0.0,0.15864553314121038,2.75,0.25,45,voxelwise_rft
0.05,0.2234390009606148,2.75,0.5,45,voxelwise_rft
0.1,0.2598463016330451,2.75,0.75,45,voxelwise_rft
0.0,0.2834774255523535,2.75,1.0,45,voxelwise_rft
0.0,0.30220941402497603,2.75,1.25,45,voxelwise_rft
0.05,0.318539865513929,2.75,1.5,45,voxelwise_rft
0.0,0.33021133525456287,2.75,1.75,45,voxelwise_rft
0.0,0.3421709894332373,2.75,2.0,45,voxelwise_rft
0.0,0.34803073967339093,2.75,2.25,45,voxelwise_rft
0.0,0.354658981748319,2.75,2.5,45,voxelwise_rft
0.05,0.36191162343900096,2.75,2.75,45,voxelwise_rft
0.1,0.37118155619596543,2.75,3.0,45,voxelwise_rft
0.2,4.336513443191674e-05,3.0,0.0,45,voxelwise_rft
0.05,0.055160450997398094,3.0,0.1,45,voxelwise_rft
0.15,0.15325238508239375,3.0,0.25,45,voxelwise_rft
0.0,0.21960104076322637,3.0,0.5,45,voxelwise_rft
0.1,0.25442324371205555,3.0,0.75,45,voxelwise_rft
0.1,0.28000867302688637,3.0,1.0,45,voxelwise_rft
0.05,0.3002601908065915,3.0,1.25,45,voxelwise_rft
0.05,0.3137033824804857,3.0,1.5,45,voxelwise_rft
0.0,0.32740676496097143,3.0,1.75,45,voxelwise_rft
0.15,0.3343018213356462,3.0,2.0,45,voxelwise_rft
0.05,0.3513876843018213,3.0,2.25,45,voxelwise_rft
0.0,0.35455333911535125,3.0,2.5,45,voxelwise_rft
0.1,0.3709453599306158,3.0,2.75,45,voxelwise_rft
0.0,0.371856027753686,3.0,3.0,45,voxelwise_rft
0.0,0.0,0.0,0.0,60,voxelwise_rft
0.0,0.0004424778761061947,0.0,0.1,60,voxelwise_rft
0.0,0.0017699115044247787,0.0,0.25,60,voxelwise_rft
0.0,0.1070796460176991,0.0,0.5,60,voxelwise_rft
0.0,0.6946902654867257,0.0,0.75,60,voxelwise_rft
0.0,0.9862831858407078,0.0,1.0,60,voxelwise_rft
0.05,1.0,0.0,1.25,60,voxelwise_rft
0.0,1.0,0.0,1.5,60,voxelwise_rft
0.0,1.0,0.0,1.75,60,voxelwise_rft
0.0,1.0,0.0,2.0,60,voxelwise_rft
0.05,1.0,0.0,2.25,60,voxelwise_rft
0.0,1.0,0.0,2.5,60,voxelwise_rft
0.0,1.0,0.0,2.75,60,voxelwise_rft
0.0,1.0,0.0,3.0,60,voxelwise_rft
0.0,0.0,0.1,0.0,60,voxelwise_rft
0.0,0.0,0.1,0.1,60,voxelwise_rft
0.0,0.0008849557522123894,0.1,0.25,60,voxelwise_rft
0.05,0.10442477876106193,0.1,0.5,60,voxelwise_rft
0.0,0.6946902654867256,0.1,0.75,60,voxelwise_rft
0.1,0.9867256637168144,0.1,1.0,60,voxelwise_rft
0.0,1.0,0.1,1.25,60,voxelwise_rft
0.0,1.0,0.1,1.5,60,voxelwise_rft
0.0,1.0,0.1,1.75,60,voxelwise_rft
0.0,1.0,0.1,2.0,60,voxelwise_rft
0.0,1.0,0.1,2.25,60,voxelwise_rft
0.0,1.0,0.1,2.5,60,voxelwise_rft
0.0,1.0,0.1,2.75,60,voxelwise_rft
0.0,1.0,0.1,3.0,60,voxelwise_rft
0.0,0.0,0.25,0.0,60,voxelwise_rft
0.0,0.0,0.25,0.1,60,voxelwise_rft
0.0,0.001006711409395973,0.25,0.25,60,voxelwise_rft
0.0,0.07315436241610739,0.25,0.5,60,voxelwise_rft
0.0,0.5194630872483221,0.25,0.75,60,voxelwise_rft
0.0,0.7503355704697987,0.25,1.0,60,voxelwise_rft
0.0,0.7583892617449665,0.25,1.25,60,voxelwise_rft
0.0,0.7583892617449665,0.25,1.5,60,voxelwise_rft
0.0,0.7583892617449665,0.25,1.75,60,voxelwise_rft
0.0,0.7583892617449665,0.25,2.0,60,voxelwise_rft
0.0,0.7583892617449665,0.25,2.25,60,voxelwise_rft
0.0,0.7583892617449665,0.25,2.5,60,voxelwise_rft
0.0,0.7583892617449665,0.25,2.75,60,voxelwise_rft
0.0,0.7583892617449665,0.25,3.0,60,voxelwise_rft
0.0,0.0,0.5,0.0,60,voxelwise_rft
0.0,0.00023474178403755868,0.5,0.1,60,voxelwise_rft
0.0,0.013145539906103287,0.5,0.25,60,voxelwise_rft
0.0,0.3582159624413145,0.5,0.5,60,voxelwise_rft
0.0,0.5279342723004695,0.5,0.75,60,voxelwise_rft
0.0,0.5309859154929576,0.5,1.0,60,voxelwise_rft
0.0,0.5321596244131455,0.5,1.25,60,voxelwise_rft
0.0,0.5347417840375587,0.5,1.5,60,voxelwise_rft
0.0,0.5427230046948358,0.5,1.75,60,voxelwise_rft
0.0,0.5490610328638497,0.5,2.0,60,voxelwise_rft
0.0,0.5683098591549295,0.5,2.25,60,voxelwise_rft
0.0,0.5786384976525821,0.5,2.5,60,voxelwise_rft
0.0,0.5964788732394366,0.5,2.75,60,voxelwise_rft
0.0,0.6077464788732395,0.5,3.0,60,voxelwise_rft
0.05,0.0,0.75,0.0,60,voxelwise_rft
0.0,0.0007017543859649123,0.75,0.1,60,voxelwise_rft
0.0,0.14403508771929824,0.75,0.25,60,voxelwise_rft
0.0,0.394561403508772,0.75,0.5,60,voxelwise_rft
0.0,0.4291228070175438,0.75,0.75,60,voxelwise_rft
0.0,0.4659649122807017,0.75,1.0,60,voxelwise_rft
0.0,0.48578947368421055,0.75,1.25,60,voxelwise_rft
0.1,0.5026315789473685,0.75,1.5,60,voxelwise_rft
0.0,0.5124561403508774,0.75,1.75,60,voxelwise_rft
0.0,0.5210526315789473,0.75,2.0,60,voxelwise_rft
0.0,0.5228070175438597,0.75,2.25,60,voxelwise_rft
0.05,0.5270175438596492,0.75,2.5,60,voxelwise_rft
0.0,0.5291228070175439,0.75,2.75,60,voxelwise_rft
0.0,0.5342105263157895,0.75,3.0,60,voxelwise_rft
0.0,0.0,1.0,0.0,60,voxelwise_rft
0.0,0.004871060171919771,1.0,0.1,60,voxelwise_rft
0.0,0.2537249283667622,1.0,0.25,60,voxelwise_rft
0.1,0.35730659025787964,1.0,0.5,60,voxelwise_rft
0.05,0.40358166189111744,1.0,0.75,60,voxelwise_rft
0.0,0.42249283667621773,1.0,1.0,60,voxelwise_rft
0.1,0.437106017191977,1.0,1.25,60,voxelwise_rft
0.0,0.45845272206303733,1.0,1.5,60,voxelwise_rft
0.0,0.47234957020057305,1.0,1.75,60,voxelwise_rft
0.05,0.4848137535816619,1.0,2.0,60,voxelwise_rft
0.05,0.48939828080229225,1.0,2.25,60,voxelwise_rft
0.0,0.4971346704871059,1.0,2.5,60,voxelwise_rft
0.0,0.5004297994269341,1.0,2.75,60,voxelwise_rft
0.0,0.5058739255014326,1.0,3.0,60,voxelwise_rft
0.0,0.0,1.25,0.0,60,voxelwise_rft
0.1,0.00944055944055944,1.25,0.1,60,voxelwise_rft
0.0,0.23857808857808852,1.25,0.25,60,voxelwise_rft
0.05,0.32552447552447544,1.25,0.5,60,voxelwise_rft
0.0,0.35804195804195804,1.25,0.75,60,voxelwise_rft
0.0,0.39160839160839156,1.25,1.0,60,voxelwise_rft
0.0,0.40850815850815847,1.25,1.25,60,voxelwise_rft
0.05,0.42237762237762233,1.25,1.5,60,voxelwise_rft
0.05,0.4304195804195804,1.25,1.75,60,voxelwise_rft
0.0,0.4375291375291376,1.25,2.0,60,voxelwise_rft
0.05,0.44848484848484854,1.25,2.25,60,voxelwise_rft
0.0,0.4547785547785549,1.25,2.5,60,voxelwise_rft
0.0,0.460955710955711,1.25,2.75,60,voxelwise_rft
0.05,0.4706293706293706,1.25,3.0,60,voxelwise_rft
0.0,0.0,1.5,0.0,60,voxelwise_rft
0.0,0.02583497053045187,1.5,0.1,60,voxelwise_rft
0.05,0.22789783889980356,1.5,0.25,60,voxelwise_rft
0.05,0.29911591355599215,1.5,0.5,60,voxelwise_rft
0.0,0.34312377210216116,1.5,0.75,60,voxelwise_rft
0.0,0.36355599214145384,1.5,1.0,60,voxelwise_rft
0.05,0.3804518664047152,1.5,1.25,60,voxelwise_rft
0.0,0.39302554027504905,1.5,1.5,60,voxelwise_rft
0.05,0.4101178781925344,1.5,1.75,60,voxelwise_rft
0.05,0.42121807465618855,1.5,2.0,60,voxelwise_rft
0.05,0.4298624754420432,1.5,2.25,60,voxelwise_rft
0.0,0.4350687622789783,1.5,2.5,60,voxelwise_rft
0.0,0.44410609037328097,1.5,2.75,60,voxelwise_rft
0.1,0.4526522593320236,1.5,3.0,60,voxelwise_rft
0.05,8.264462809917355e-05,1.75,0.0,60,voxelwise_rft
0.0,0.05884297520661157,1.75,0.1,60,voxelwise_rft
0.05,0.21421487603305786,1.75,0.25,60,voxelwise_rft
0.05,0.27735537190082643,1.75,0.5,60,voxelwise_rft
0.05,0.3171900826446281,1.75,0.75,60,voxelwise_rft
0.0,0.3396694214876034,1.75,1.0,60,voxelwise_rft
0.0,0.3591735537190083,1.75,1.25,60,voxelwise_rft
0.05,0.3749586776859505,1.75,1.5,60,voxelwise_rft
0.0,0.3898347107438016,1.75,1.75,60,voxelwise_rft
0.05,0.39611570247933886,1.75,2.0,60,voxelwise_rft
0.1,0.40462809917355375,1.75,2.25,60,voxelwise_rft
0.0,0.4113223140495868,1.75,2.5,60,voxelwise_rft
0.0,0.4180165289256198,1.75,2.75,60,voxelwise_rft
0.0,0.42495867768595036,1.75,3.0,60,voxelwise_rft
0.05,0.0,2.0,0.0,60,voxelwise_rft
0.05,0.0657819225251076,2.0,0.1,60,voxelwise_rft
0.0,0.19856527977044477,2.0,0.25,60,voxelwise_rft
0.0,0.2673601147776184,2.0,0.5,60,voxelwise_rft
0.0,0.30322812051649933,2.0,0.75,60,voxelwise_rft
0.0,0.33335724533715927,2.0,1.0,60,voxelwise_rft
0.0,0.3452654232424677,2.0,1.25,60,voxelwise_rft
0.05,0.36133428981348636,2.0,1.5,60,voxelwise_rft
0.0,0.37840746054519364,2.0,1.75,60,voxelwise_rft
0.05,0.38493543758967,2.0,2.0,60,voxelwise_rft
0.1,0.3975609756097561,2.0,2.25,60,voxelwise_rft
0.0,0.40717360114777623,2.0,2.5,60,voxelwise_rft
0.05,0.41327116212338594,2.0,2.75,60,voxelwise_rft
0.05,0.41936872309899564,2.0,3.0,60,voxelwise_rft
0.05,0.0,2.25,0.0,60,voxelwise_rft
0.0,0.06885143570536827,2.25,0.1,60,voxelwise_rft
0.0,0.19057428214731584,2.25,0.25,60,voxelwise_rft
0.1,0.25337078651685396,2.25,0.5,60,voxelwise_rft
0.1,0.29051186017478153,2.25,0.75,60,voxelwise_rft
0.0,0.31535580524344564,2.25,1.0,60,voxelwise_rft
0.05,0.335705368289638,2.25,1.25,60,voxelwise_rft
0.0,0.3521223470661673,2.25,1.5,60,voxelwise_rft
0.0,0.3660424469413234,2.25,1.75,60,voxelwise_rft
0.05,0.37440699126092386,2.25,2.0,60,voxelwise_rft
0.05,0.3813982521847691,2.25,2.25,60,voxelwise_rft
0.0,0.38863920099875154,2.25,2.5,60,voxelwise_rft
0.0,0.3980649188514357,2.25,2.75,60,voxelwise_rft
0.05,0.40574282147315854,2.25,3.0,60,voxelwise_rft
0.0,0.0,2.5,0.0,60,voxelwise_rft
0.05,0.07004381161007667,2.5,0.1,60,voxelwise_rft
0.1,0.1825301204819277,2.5,0.25,60,voxelwise_rft
0.0,0.24769989047097477,2.5,0.5,60,voxelwise_rft
0.0,0.2808871851040526,2.5,0.75,60,voxelwise_rft
0.05,0.30668127053669225,2.5,1.0,60,voxelwise_rft
0.05,0.32398685651697695,2.5,1.25,60,voxelwise_rft
0.0,0.3386637458926616,2.5,1.5,60,voxelwise_rft
0.05,0.3524644030668127,2.5,1.75,60,voxelwise_rft
0.0,0.3681270536692223,2.5,2.0,60,voxelwise_rft
0.05,0.37760131434830235,2.5,2.25,60,voxelwise_rft
0.0,0.38411829134720704,2.5,2.5,60,voxelwise_rft
0.1,0.390197152245345,2.5,2.75,60,voxelwise_rft
0.15,0.39600219058050384,2.5,3.0,60,voxelwise_rft
0.0,0.0,2.75,0.0,60,voxelwise_rft
0.0,0.07699327569644573,2.75,0.1,60,voxelwise_rft
0.0,0.1719020172910663,2.75,0.25,60,voxelwise_rft
0.05,0.23366954851104707,2.75,0.5,60,voxelwise_rft
0.0,0.2731027857829011,2.75,0.75,60,voxelwise_rft
0.0,0.29937560038424593,2.75,1.0,60,voxelwise_rft
0.0,0.3170989433237271,2.75,1.25,60,voxelwise_rft
0.0,0.3306916426512968,2.75,1.5,60,voxelwise_rft
0.0,0.34202689721421714,2.75,1.75,60,voxelwise_rft
0.05,0.35028818443804033,2.75,2.0,60,voxelwise_rft
0.05,0.36181556195965414,2.75,2.25,60,voxelwise_rft
0.1,0.3732949087415946,2.75,2.5,60,voxelwise_rft
0.0,0.3777137367915465,2.75,2.75,60,voxelwise_rft
0.1,0.38626320845341017,2.75,3.0,60,voxelwise_rft
0.0,0.0,3.0,0.0,60,voxelwise_rft
0.0,0.06808326105810929,3.0,0.1,60,voxelwise_rft
0.1,0.17007805724197747,3.0,0.25,60,voxelwise_rft
0.05,0.2347354726799653,3.0,0.5,60,voxelwise_rft
0.0,0.2684301821335646,3.0,0.75,60,voxelwise_rft
0.05,0.29332176929748477,3.0,1.0,60,voxelwise_rft
0.0,0.3126192541196878,3.0,1.25,60,voxelwise_rft
0.1,0.326582827406765,3.0,1.5,60,voxelwise_rft
0.0,0.33959236773634005,3.0,1.75,60,voxelwise_rft
0.1,0.3524718126626193,3.0,2.0,60,voxelwise_rft
0.0,0.36253252385082396,3.0,2.25,60,voxelwise_rft
0.0,0.3733304423243712,3.0,2.5,60,voxelwise_rft
0.05,0.3786643538594969,3.0,2.75,60,voxelwise_rft
0.05,0.387467476149176,3.0,3.0,60,voxelwise_rft
