FWER,sensitivity,sm_sigma,snr,n_subj,method,threshold_u,FWHM
0,0,0,0,2,Clusterwise RFT,3,3.324681423
0,0,0,0,5,Clusterwise RFT,3,3.324246279
0,0,0,0,7,Clusterwise RFT,3,3.331248864
0,0,0,0,10,Clusterwise RFT,3,3.324858841
0,0,0,0,15,Clusterwise RFT,3,3.324717551
0,0,0,0,20,Clusterwise RFT,3,3.33318804
0,0,0,0,30,Clusterwise RFT,3,3.333363809
0,0,0,0,45,Clusterwise RFT,3,3.33107561
0,0,0,0,60,Clusterwise RFT,3,3.331350152
0,0,0,0.1,2,Clusterwise RFT,3,3.319014682
0,0,0,0.1,5,Clusterwise RFT,3,3.329059516
0,0,0,0.1,7,Clusterwise RFT,3,3.32643487
0,0,0,0.1,10,Clusterwise RFT,3,3.324362715
0,0,0,0.1,15,Clusterwise RFT,3,3.331030796
0,0,0,0.1,20,Clusterwise RFT,3,3.335615952
0,0,0,0.1,30,Clusterwise RFT,3,3.327954163
0,0,0,0.1,45,Clusterwise RFT,3,3.32797107
0,0,0,0.1,60,Clusterwise RFT,3,3.329507361
0,0,0,0.25,2,Clusterwise RFT,3,3.357011997
0,0,0,0.25,5,Clusterwise RFT,3,3.307060083
0,0,0,0.25,7,Clusterwise RFT,3,3.344984494
0,0,0,0.25,10,Clusterwise RFT,3,3.324992949
0,0,0,0.25,15,Clusterwise RFT,3,3.332521816
0,0,0,0.25,20,Clusterwise RFT,3,3.324577691
0,0,0,0.25,30,Clusterwise RFT,3,3.329672993
0.008,0.001557522,0,0.25,45,Clusterwise RFT,3,3.333943905
0,0.012495575,0,0.25,60,Clusterwise RFT,3,3.330003592
0,0,0,0.5,2,Clusterwise RFT,3,3.328227048
0,0,0,0.5,5,Clusterwise RFT,3,3.353160557
0,0,0,0.5,7,Clusterwise RFT,3,3.325460987
0,0,0,0.5,10,Clusterwise RFT,3,3.328199563
0,0.001946903,0,0.5,15,Clusterwise RFT,3,3.325466892
0.004,0.01720354,0,0.5,20,Clusterwise RFT,3,3.328457741
0.016,0.218725664,0,0.5,30,Clusterwise RFT,3,3.329813757
0.048,0.567504425,0,0.5,45,Clusterwise RFT,3,3.331605727
0.076,0.770584071,0,0.5,60,Clusterwise RFT,3,3.333103747
0,0,0,0.75,2,Clusterwise RFT,3,3.314961893
0,0,0,0.75,5,Clusterwise RFT,3,3.349607232
0,0,0,0.75,7,Clusterwise RFT,3,3.346646083
0,0.00559292,0,0.75,10,Clusterwise RFT,3,3.31946264
0.024,0.179327434,0,0.75,15,Clusterwise RFT,3,3.33173359
0.032,0.464353982,0,0.75,20,Clusterwise RFT,3,3.332158161
0.064,0.78339823,0,0.75,30,Clusterwise RFT,3,3.327409033
0.092,0.962867257,0,0.75,45,Clusterwise RFT,3,3.334265782
0.064,0.99440708,0,0.75,60,Clusterwise RFT,3,3.32800329
0,0,0,1,2,Clusterwise RFT,3,3.369007036
0,0,0,1,5,Clusterwise RFT,3,3.327133473
0.004,0.005663717,0,1,7,Clusterwise RFT,3,3.325839751
0.016,0.155504425,0,1,10,Clusterwise RFT,3,3.337038549
0.052,0.590831858,0,1,15,Clusterwise RFT,3,3.336173667
0.076,0.822548673,0,1,20,Clusterwise RFT,3,3.325645583
0.052,0.979893805,0,1,30,Clusterwise RFT,3,3.333694679
0.068,0.999752212,0,1,45,Clusterwise RFT,3,3.329296861
0.052,1,0,1,60,Clusterwise RFT,3,3.330007544
0,0,0,1.25,2,Clusterwise RFT,3,3.327070118
0,0.000849558,0,1.25,5,Clusterwise RFT,3,3.331301027
0.012,0.058902655,0,1.25,7,Clusterwise RFT,3,3.33777673
0.056,0.471893805,0,1.25,10,Clusterwise RFT,3,3.330587427
0.092,0.851681416,0,1.25,15,Clusterwise RFT,3,3.330870132
0.044,0.969946903,0,1.25,20,Clusterwise RFT,3,3.335460733
0.048,0.999539823,0,1.25,30,Clusterwise RFT,3,3.325063722
0.064,1,0,1.25,45,Clusterwise RFT,3,3.329712517
0.072,1,0,1.25,60,Clusterwise RFT,3,3.335525222
0,0,0,1.5,2,Clusterwise RFT,3,3.364235466
0,0.007079646,0,1.5,5,Clusterwise RFT,3,3.344942586
0.008,0.250230088,0,1.5,7,Clusterwise RFT,3,3.333449502
0.076,0.708884956,0,1.5,10,Clusterwise RFT,3,3.32633994
0.076,0.968318584,0,1.5,15,Clusterwise RFT,3,3.33273793
0.1,0.997876106,0,1.5,20,Clusterwise RFT,3,3.337201379
0.06,1,0,1.5,30,Clusterwise RFT,3,3.331416758
0.072,1,0,1.5,45,Clusterwise RFT,3,3.324515307
0.056,1,0,1.5,60,Clusterwise RFT,3,3.33545497
0,0,0,1.75,2,Clusterwise RFT,3,3.342554266
0.004,0.039327434,0,1.75,5,Clusterwise RFT,3,3.341341218
0.06,0.469522124,0,1.75,7,Clusterwise RFT,3,3.318962061
0.072,0.874831858,0,1.75,10,Clusterwise RFT,3,3.317940818
0.08,0.995716814,0,1.75,15,Clusterwise RFT,3,3.332978926
0.092,0.999964602,0,1.75,20,Clusterwise RFT,3,3.322079371
0.092,1,0,1.75,30,Clusterwise RFT,3,3.331586102
0.092,1,0,1.75,45,Clusterwise RFT,3,3.328789968
0.072,1,0,1.75,60,Clusterwise RFT,3,3.325934853
0,0,0,2,2,Clusterwise RFT,3,3.36994206
0.012,0.12339823,0,2,5,Clusterwise RFT,3,3.323210976
0.064,0.644,0,2,7,Clusterwise RFT,3,3.334888883
0.06,0.952,0,2,10,Clusterwise RFT,3,3.344066996
0.068,0.999575221,0,2,15,Clusterwise RFT,3,3.319356974
0.088,1,0,2,20,Clusterwise RFT,3,3.332869795
0.06,1,0,2,30,Clusterwise RFT,3,3.335698173
0.08,1,0,2,45,Clusterwise RFT,3,3.329292363
0.08,1,0,2,60,Clusterwise RFT,3,3.330040826
0,0,0,2.25,2,Clusterwise RFT,3,3.347184989
0.028,0.223964602,0,2.25,5,Clusterwise RFT,3,3.323992689
0.06,0.767646018,0,2.25,7,Clusterwise RFT,3,3.327595469
0.096,0.985911504,0,2.25,10,Clusterwise RFT,3,3.331126669
0.064,1,0,2.25,15,Clusterwise RFT,3,3.333291254
0.1,1,0,2.25,20,Clusterwise RFT,3,3.326775178
0.088,1,0,2.25,30,Clusterwise RFT,3,3.330574272
0.088,1,0,2.25,45,Clusterwise RFT,3,3.326374422
0.068,1,0,2.25,60,Clusterwise RFT,3,3.332732531
0,0,0,2.5,2,Clusterwise RFT,3,3.329810691
0.02,0.367610619,0,2.5,5,Clusterwise RFT,3,3.32928579
0.076,0.864530973,0,2.5,7,Clusterwise RFT,3,3.340451884
0.052,0.997097345,0,2.5,10,Clusterwise RFT,3,3.327522564
0.068,1,0,2.5,15,Clusterwise RFT,3,3.329307297
0.064,1,0,2.5,20,Clusterwise RFT,3,3.329170144
0.036,1,0,2.5,30,Clusterwise RFT,3,3.332352553
0.076,1,0,2.5,45,Clusterwise RFT,3,3.330428784
0.06,1,0,2.5,60,Clusterwise RFT,3,3.327548445
0,0,0,2.75,2,Clusterwise RFT,3,3.361261598
0.06,0.487044248,0,2.75,5,Clusterwise RFT,3,3.333613437
0.084,0.928920354,0,2.75,7,Clusterwise RFT,3,3.335823586
0.096,0.999610619,0,2.75,10,Clusterwise RFT,3,3.335494357
0.068,1,0,2.75,15,Clusterwise RFT,3,3.333297163
0.072,1,0,2.75,20,Clusterwise RFT,3,3.319115175
0.088,1,0,2.75,30,Clusterwise RFT,3,3.332454807
0.052,1,0,2.75,45,Clusterwise RFT,3,3.329844456
0.096,1,0,2.75,60,Clusterwise RFT,3,3.334026701
0,0,0,3,2,Clusterwise RFT,3,3.323391807
0.056,0.585097345,0,3,5,Clusterwise RFT,3,3.322327792
0.1,0.964566372,0,3,7,Clusterwise RFT,3,3.318763846
0.064,0.999929204,0,3,10,Clusterwise RFT,3,3.331869686
0.068,1,0,3,15,Clusterwise RFT,3,3.330073232
0.052,1,0,3,20,Clusterwise RFT,3,3.33239549
0.064,1,0,3,30,Clusterwise RFT,3,3.336946498
0.08,1,0,3,45,Clusterwise RFT,3,3.332971998
0.076,1,0,3,60,Clusterwise RFT,3,3.330042087
0,0,0.1,0,2,Clusterwise RFT,3,3.350002291
0,0,0.1,0,5,Clusterwise RFT,3,3.336298966
0,0,0.1,0,7,Clusterwise RFT,3,3.329245328
0,0,0.1,0,10,Clusterwise RFT,3,3.321210877
0,0,0.1,0,15,Clusterwise RFT,3,3.332117796
0,0,0.1,0,20,Clusterwise RFT,3,3.330874388
0,0,0.1,0,30,Clusterwise RFT,3,3.330548689
0,0,0.1,0,45,Clusterwise RFT,3,3.324621067
0,0,0.1,0,60,Clusterwise RFT,3,3.32416084
0,0,0.1,0.1,2,Clusterwise RFT,3,3.342475066
0,0,0.1,0.1,5,Clusterwise RFT,3,3.332131404
0,0,0.1,0.1,7,Clusterwise RFT,3,3.343469984
0,0,0.1,0.1,10,Clusterwise RFT,3,3.328453006
0,0,0.1,0.1,15,Clusterwise RFT,3,3.321699758
0,0,0.1,0.1,20,Clusterwise RFT,3,3.330003947
0,0,0.1,0.1,30,Clusterwise RFT,3,3.33154488
0,0,0.1,0.1,45,Clusterwise RFT,3,3.325689365
0,0,0.1,0.1,60,Clusterwise RFT,3,3.33161381
0,0,0.1,0.25,2,Clusterwise RFT,3,3.340616766
0,0,0.1,0.25,5,Clusterwise RFT,3,3.312207327
0,0,0.1,0.25,7,Clusterwise RFT,3,3.328052
0,0,0.1,0.25,10,Clusterwise RFT,3,3.32665817
0,0,0.1,0.25,15,Clusterwise RFT,3,3.328652427
0,0,0.1,0.25,20,Clusterwise RFT,3,3.326184419
0,0,0.1,0.25,30,Clusterwise RFT,3,3.333270237
0,0.002513274,0.1,0.25,45,Clusterwise RFT,3,3.332139796
0.004,0.008141593,0.1,0.25,60,Clusterwise RFT,3,3.330314258
0,0,0.1,0.5,2,Clusterwise RFT,3,3.316855658
0,0,0.1,0.5,5,Clusterwise RFT,3,3.321758238
0,0,0.1,0.5,7,Clusterwise RFT,3,3.332877246
0,0,0.1,0.5,10,Clusterwise RFT,3,3.325256751
0.004,0.001734513,0.1,0.5,15,Clusterwise RFT,3,3.327161652
0.004,0.021309735,0.1,0.5,20,Clusterwise RFT,3,3.334128746
0.004,0.206442478,0.1,0.5,30,Clusterwise RFT,3,3.334697547
0.06,0.565309735,0.1,0.5,45,Clusterwise RFT,3,3.329792363
0.1,0.767929204,0.1,0.5,60,Clusterwise RFT,3,3.327536615
0,0,0.1,0.75,2,Clusterwise RFT,3,3.339611354
0,0,0.1,0.75,5,Clusterwise RFT,3,3.336080234
0,0,0.1,0.75,7,Clusterwise RFT,3,3.334306219
0,0.008743363,0.1,0.75,10,Clusterwise RFT,3,3.326236725
0.032,0.174442478,0.1,0.75,15,Clusterwise RFT,3,3.333696984
0.044,0.45720354,0.1,0.75,20,Clusterwise RFT,3,3.327494186
0.04,0.785168142,0.1,0.75,30,Clusterwise RFT,3,3.325077516
0.064,0.961345133,0.1,0.75,45,Clusterwise RFT,3,3.330412314
0.088,0.994477876,0.1,0.75,60,Clusterwise RFT,3,3.329731047
0,0,0.1,1,2,Clusterwise RFT,3,3.342528618
0,0,0.1,1,5,Clusterwise RFT,3,3.32896919
0,0.006442478,0.1,1,7,Clusterwise RFT,3,3.319648307
0.008,0.158230088,0.1,1,10,Clusterwise RFT,3,3.320560369
0.092,0.589911504,0.1,1,15,Clusterwise RFT,3,3.325537602
0.064,0.826548673,0.1,1,20,Clusterwise RFT,3,3.332681077
0.06,0.978902655,0.1,1,30,Clusterwise RFT,3,3.33313428
0.04,0.999469027,0.1,1,45,Clusterwise RFT,3,3.332780368
0.096,1,0.1,1,60,Clusterwise RFT,3,3.331720216
0,0,0.1,1.25,2,Clusterwise RFT,3,3.349593234
0,0.000495575,0.1,1.25,5,Clusterwise RFT,3,3.33840481
0.004,0.066513274,0.1,1.25,7,Clusterwise RFT,3,3.322518624
0.04,0.465982301,0.1,1.25,10,Clusterwise RFT,3,3.32613696
0.056,0.85040708,0.1,1.25,15,Clusterwise RFT,3,3.336056604
0.056,0.971787611,0.1,1.25,20,Clusterwise RFT,3,3.331681244
0.072,0.999646018,0.1,1.25,30,Clusterwise RFT,3,3.329291273
0.072,1,0.1,1.25,45,Clusterwise RFT,3,3.336781376
0.052,1,0.1,1.25,60,Clusterwise RFT,3,3.326880947
0,0,0.1,1.5,2,Clusterwise RFT,3,3.331275389
0,0.007893805,0.1,1.5,5,Clusterwise RFT,3,3.336167226
0.048,0.247681416,0.1,1.5,7,Clusterwise RFT,3,3.334090079
0.048,0.709026549,0.1,1.5,10,Clusterwise RFT,3,3.322471496
0.072,0.966159292,0.1,1.5,15,Clusterwise RFT,3,3.335140164
0.056,0.998265487,0.1,1.5,20,Clusterwise RFT,3,3.333567165
0.068,1,0.1,1.5,30,Clusterwise RFT,3,3.335628067
0.072,1,0.1,1.5,45,Clusterwise RFT,3,3.329985995
0.028,1,0.1,1.5,60,Clusterwise RFT,3,3.326372352
0,0,0.1,1.75,2,Clusterwise RFT,3,3.344197697
0.012,0.040566372,0.1,1.75,5,Clusterwise RFT,3,3.342232763
0.036,0.469238938,0.1,1.75,7,Clusterwise RFT,3,3.323335008
0.056,0.868920354,0.1,1.75,10,Clusterwise RFT,3,3.33791344
0.048,0.996106195,0.1,1.75,15,Clusterwise RFT,3,3.32484921
0.068,0.999964602,0.1,1.75,20,Clusterwise RFT,3,3.328351229
0.096,1,0.1,1.75,30,Clusterwise RFT,3,3.326048771
0.056,1,0.1,1.75,45,Clusterwise RFT,3,3.332902362
0.052,1,0.1,1.75,60,Clusterwise RFT,3,3.32621445
0,0,0.1,2,2,Clusterwise RFT,3,3.332008172
0.012,0.113168142,0.1,2,5,Clusterwise RFT,3,3.331749483
0.044,0.637415929,0.1,2,7,Clusterwise RFT,3,3.341509435
0.068,0.951539823,0.1,2,10,Clusterwise RFT,3,3.335489616
0.036,0.999716814,0.1,2,15,Clusterwise RFT,3,3.3248261
0.068,1,0.1,2,20,Clusterwise RFT,3,3.327916264
0.048,1,0.1,2,30,Clusterwise RFT,3,3.33225305
0.064,1,0.1,2,45,Clusterwise RFT,3,3.327410905
0.068,1,0.1,2,60,Clusterwise RFT,3,3.327926486
0,0,0.1,2.25,2,Clusterwise RFT,3,3.316386896
0.032,0.231256637,0.1,2.25,5,Clusterwise RFT,3,3.338855336
0.068,0.77359292,0.1,2.25,7,Clusterwise RFT,3,3.319175181
0.044,0.986017699,0.1,2.25,10,Clusterwise RFT,3,3.322057947
0.068,1,0.1,2.25,15,Clusterwise RFT,3,3.332709914
0.076,1,0.1,2.25,20,Clusterwise RFT,3,3.327454019
0.044,1,0.1,2.25,30,Clusterwise RFT,3,3.334956812
0.048,1,0.1,2.25,45,Clusterwise RFT,3,3.329606982
0.064,1,0.1,2.25,60,Clusterwise RFT,3,3.33123541
0,0,0.1,2.5,2,Clusterwise RFT,3,3.341673059
0.012,0.371893805,0.1,2.5,5,Clusterwise RFT,3,3.328686213
0.052,0.862017699,0.1,2.5,7,Clusterwise RFT,3,3.328962063
0.056,0.997309735,0.1,2.5,10,Clusterwise RFT,3,3.321595263
0.06,1,0.1,2.5,15,Clusterwise RFT,3,3.346365398
0.088,1,0.1,2.5,20,Clusterwise RFT,3,3.330610787
0.044,1,0.1,2.5,30,Clusterwise RFT,3,3.329765407
0.084,1,0.1,2.5,45,Clusterwise RFT,3,3.334300236
0.08,1,0.1,2.5,60,Clusterwise RFT,3,3.333435122
0,0,0.1,2.75,2,Clusterwise RFT,3,3.360573893
0.048,0.477699115,0.1,2.75,5,Clusterwise RFT,3,3.324557867
0.052,0.928460177,0.1,2.75,7,Clusterwise RFT,3,3.312165701
0.056,0.999504425,0.1,2.75,10,Clusterwise RFT,3,3.324854472
0.064,1,0.1,2.75,15,Clusterwise RFT,3,3.330689678
0.084,1,0.1,2.75,20,Clusterwise RFT,3,3.334060797
0.092,1,0.1,2.75,30,Clusterwise RFT,3,3.332973163
0.072,1,0.1,2.75,45,Clusterwise RFT,3,3.329846577
0.092,1,0.1,2.75,60,Clusterwise RFT,3,3.332500857
0,0,0.1,3,2,Clusterwise RFT,3,3.34763166
0.056,0.587044248,0.1,3,5,Clusterwise RFT,3,3.324070546
0.052,0.96739823,0.1,3,7,Clusterwise RFT,3,3.325331371
0.04,0.999893805,0.1,3,10,Clusterwise RFT,3,3.330666597
0.1,1,0.1,3,15,Clusterwise RFT,3,3.33084018
0.068,1,0.1,3,20,Clusterwise RFT,3,3.325385837
0.088,1,0.1,3,30,Clusterwise RFT,3,3.332877495
0.104,1,0.1,3,45,Clusterwise RFT,3,3.331773155
0.084,1,0.1,3,60,Clusterwise RFT,3,3.33271752
0,0,0.25,0,2,Clusterwise RFT,3,3.331171414
0,0,0.25,0,5,Clusterwise RFT,3,3.330785572
0,0,0.25,0,7,Clusterwise RFT,3,3.325104657
0,0,0.25,0,10,Clusterwise RFT,3,3.334677105
0,0,0.25,0,15,Clusterwise RFT,3,3.331567156
0,0,0.25,0,20,Clusterwise RFT,3,3.325913664
0,0,0.25,0,30,Clusterwise RFT,3,3.329307979
0,0,0.25,0,45,Clusterwise RFT,3,3.331411676
0,0,0.25,0,60,Clusterwise RFT,3,3.32542542
0,0,0.25,0.1,2,Clusterwise RFT,3,3.341052701
0,0,0.25,0.1,5,Clusterwise RFT,3,3.312374238
0,0,0.25,0.1,7,Clusterwise RFT,3,3.330743519
0,0,0.25,0.1,10,Clusterwise RFT,3,3.334420937
0,0,0.25,0.1,15,Clusterwise RFT,3,3.327111445
0,0,0.25,0.1,20,Clusterwise RFT,3,3.33565669
0,0,0.25,0.1,30,Clusterwise RFT,3,3.33423082
0,0,0.25,0.1,45,Clusterwise RFT,3,3.329324644
0,0,0.25,0.1,60,Clusterwise RFT,3,3.330342967
0,0,0.25,0.25,2,Clusterwise RFT,3,3.334562457
0,0,0.25,0.25,5,Clusterwise RFT,3,3.315260246
0,0,0.25,0.25,7,Clusterwise RFT,3,3.322312999
0,0,0.25,0.25,10,Clusterwise RFT,3,3.330226362
0,0,0.25,0.25,15,Clusterwise RFT,3,3.331941413
0,0,0.25,0.25,20,Clusterwise RFT,3,3.3311048
0,0.000161074,0.25,0.25,30,Clusterwise RFT,3,3.327378697
0,0.000671141,0.25,0.25,45,Clusterwise RFT,3,3.329200113
0,0.00714094,0.25,0.25,60,Clusterwise RFT,3,3.327481636
0,0,0.25,0.5,2,Clusterwise RFT,3,3.342366698
0,0,0.25,0.5,5,Clusterwise RFT,3,3.331706336
0,0,0.25,0.5,7,Clusterwise RFT,3,3.332737927
0,0,0.25,0.5,10,Clusterwise RFT,3,3.338879013
0,0.001718121,0.25,0.5,15,Clusterwise RFT,3,3.331111288
0.004,0.014765101,0.25,0.5,20,Clusterwise RFT,3,3.328401115
0.004,0.160671141,0.25,0.5,30,Clusterwise RFT,3,3.327120711
0.016,0.42633557,0.25,0.5,45,Clusterwise RFT,3,3.330919935
0.028,0.584080537,0.25,0.5,60,Clusterwise RFT,3,3.328504923
0,0,0.25,0.75,2,Clusterwise RFT,3,3.343120388
0,0,0.25,0.75,5,Clusterwise RFT,3,3.336798202
0,0,0.25,0.75,7,Clusterwise RFT,3,3.335354491
0,0.005583893,0.25,0.75,10,Clusterwise RFT,3,3.32178877
0.012,0.128563758,0.25,0.75,15,Clusterwise RFT,3,3.328844718
0.02,0.343060403,0.25,0.75,20,Clusterwise RFT,3,3.334949489
0.02,0.595328859,0.25,0.75,30,Clusterwise RFT,3,3.327194728
0.032,0.730040268,0.25,0.75,45,Clusterwise RFT,3,3.326668375
0.036,0.754630872,0.25,0.75,60,Clusterwise RFT,3,3.328123857
0,0,0.25,1,2,Clusterwise RFT,3,3.350001853
0,0,0.25,1,5,Clusterwise RFT,3,3.33208551
0,0.004134228,0.25,1,7,Clusterwise RFT,3,3.343626828
0,0.12442953,0.25,1,10,Clusterwise RFT,3,3.331745073
0.016,0.453100671,0.25,1,15,Clusterwise RFT,3,3.326495243
0.036,0.627087248,0.25,1,20,Clusterwise RFT,3,3.327266899
0.024,0.743114094,0.25,1,30,Clusterwise RFT,3,3.32979788
0.02,0.758469799,0.25,1,45,Clusterwise RFT,3,3.324050514
0.032,0.758711409,0.25,1,60,Clusterwise RFT,3,3.33326979
0,0,0.25,1.25,2,Clusterwise RFT,3,3.335841599
0,0.000456376,0.25,1.25,5,Clusterwise RFT,3,3.332873334
0.004,0.047006711,0.25,1.25,7,Clusterwise RFT,3,3.34192393
0.008,0.354926174,0.25,1.25,10,Clusterwise RFT,3,3.339529566
0.024,0.647677852,0.25,1.25,15,Clusterwise RFT,3,3.325416686
0.028,0.736456376,0.25,1.25,20,Clusterwise RFT,3,3.333005505
0.012,0.758442953,0.25,1.25,30,Clusterwise RFT,3,3.337043111
0.02,0.758765101,0.25,1.25,45,Clusterwise RFT,3,3.330034312
0.048,0.758738255,0.25,1.25,60,Clusterwise RFT,3,3.332198016
0,0,0.25,1.5,2,Clusterwise RFT,3,3.300621007
0,0.006174497,0.25,1.5,5,Clusterwise RFT,3,3.325927817
0.008,0.188993289,0.25,1.5,7,Clusterwise RFT,3,3.336566399
0.02,0.539060403,0.25,1.5,10,Clusterwise RFT,3,3.335271179
0.016,0.73347651,0.25,1.5,15,Clusterwise RFT,3,3.334808532
0.044,0.757422819,0.25,1.5,20,Clusterwise RFT,3,3.329032733
0.044,0.758630872,0.25,1.5,30,Clusterwise RFT,3,3.329376554
0.04,0.758684564,0.25,1.5,45,Clusterwise RFT,3,3.328218317
0.024,0.758818792,0.25,1.5,60,Clusterwise RFT,3,3.334980195
0,0,0.25,1.75,2,Clusterwise RFT,3,3.351552646
0,0.026550336,0.25,1.75,5,Clusterwise RFT,3,3.332893967
0.012,0.355436242,0.25,1.75,7,Clusterwise RFT,3,3.324394294
0.028,0.658174497,0.25,1.75,10,Clusterwise RFT,3,3.329830812
0.02,0.755302013,0.25,1.75,15,Clusterwise RFT,3,3.330328339
0.016,0.758684564,0.25,1.75,20,Clusterwise RFT,3,3.329197874
0.012,0.758604027,0.25,1.75,30,Clusterwise RFT,3,3.327115835
0.024,0.758738255,0.25,1.75,45,Clusterwise RFT,3,3.33483969
0.02,0.758577181,0.25,1.75,60,Clusterwise RFT,3,3.331996818
0,0,0.25,2,2,Clusterwise RFT,3,3.334534572
0,0.086201342,0.25,2,5,Clusterwise RFT,3,3.328829083
0.012,0.482147651,0.25,2,7,Clusterwise RFT,3,3.330024481
0.056,0.724483221,0.25,2,10,Clusterwise RFT,3,3.323062404
0.036,0.758496644,0.25,2,15,Clusterwise RFT,3,3.333172299
0.04,0.758738255,0.25,2,20,Clusterwise RFT,3,3.32430675
0.012,0.758604027,0.25,2,30,Clusterwise RFT,3,3.333749993
0.032,0.758765101,0.25,2,45,Clusterwise RFT,3,3.32952537
0.028,0.758711409,0.25,2,60,Clusterwise RFT,3,3.328527715
0,0,0.25,2.25,2,Clusterwise RFT,3,3.300472179
0.008,0.181744966,0.25,2.25,5,Clusterwise RFT,3,3.31842821
0.012,0.581610738,0.25,2.25,7,Clusterwise RFT,3,3.329229832
0.032,0.747597315,0.25,2.25,10,Clusterwise RFT,3,3.336199702
0.016,0.758926174,0.25,2.25,15,Clusterwise RFT,3,3.319554801
0.024,0.758711409,0.25,2.25,20,Clusterwise RFT,3,3.329913339
0.032,0.758738255,0.25,2.25,30,Clusterwise RFT,3,3.328738317
0.032,0.758711409,0.25,2.25,45,Clusterwise RFT,3,3.331251386
0.036,0.758738255,0.25,2.25,60,Clusterwise RFT,3,3.325564233
0,0,0.25,2.5,2,Clusterwise RFT,3,3.313816433
0.016,0.276295302,0.25,2.5,5,Clusterwise RFT,3,3.330156706
0.012,0.657798658,0.25,2.5,7,Clusterwise RFT,3,3.341761609
0.04,0.756885906,0.25,2.5,10,Clusterwise RFT,3,3.331973344
0.036,0.758604027,0.25,2.5,15,Clusterwise RFT,3,3.332997118
0.028,0.758711409,0.25,2.5,20,Clusterwise RFT,3,3.329664614
0.028,0.758630872,0.25,2.5,30,Clusterwise RFT,3,3.333699386
0.036,0.758657718,0.25,2.5,45,Clusterwise RFT,3,3.32947471
0.04,0.758577181,0.25,2.5,60,Clusterwise RFT,3,3.32833903
0,0,0.25,2.75,2,Clusterwise RFT,3,3.31392265
0.02,0.372778523,0.25,2.75,5,Clusterwise RFT,3,3.331335635
0.016,0.706577181,0.25,2.75,7,Clusterwise RFT,3,3.326727155
0.008,0.758442953,0.25,2.75,10,Clusterwise RFT,3,3.328106846
0.024,0.758657718,0.25,2.75,15,Clusterwise RFT,3,3.321019173
0.032,0.758657718,0.25,2.75,20,Clusterwise RFT,3,3.329966425
0.016,0.758818792,0.25,2.75,30,Clusterwise RFT,3,3.330052572
0.024,0.758550336,0.25,2.75,45,Clusterwise RFT,3,3.330797766
0.028,0.758684564,0.25,2.75,60,Clusterwise RFT,3,3.32521669
0,0,0.25,3,2,Clusterwise RFT,3,3.345896539
0.016,0.44504698,0.25,3,5,Clusterwise RFT,3,3.342401004
0.012,0.732832215,0.25,3,7,Clusterwise RFT,3,3.353839561
0.028,0.758604027,0.25,3,10,Clusterwise RFT,3,3.329589634
0.044,0.758711409,0.25,3,15,Clusterwise RFT,3,3.338896563
0.024,0.758791946,0.25,3,20,Clusterwise RFT,3,3.335804535
0.032,0.75852349,0.25,3,30,Clusterwise RFT,3,3.324141507
0.016,0.758765101,0.25,3,45,Clusterwise RFT,3,3.32771193
0.008,0.758657718,0.25,3,60,Clusterwise RFT,3,3.329266777
0,0,0.5,0,2,Clusterwise RFT,3,3.379412824
0,0,0.5,0,5,Clusterwise RFT,3,3.36145443
0,0,0.5,0,7,Clusterwise RFT,3,3.356135848
0,0,0.5,0,10,Clusterwise RFT,3,3.365998858
0,0,0.5,0,15,Clusterwise RFT,3,3.364408241
0,0,0.5,0,20,Clusterwise RFT,3,3.355829178
0,0,0.5,0,30,Clusterwise RFT,3,3.362820829
0,0,0.5,0,45,Clusterwise RFT,3,3.355460247
0,0,0.5,0,60,Clusterwise RFT,3,3.356637286
0,0,0.5,0.1,2,Clusterwise RFT,3,3.386854708
0,0,0.5,0.1,5,Clusterwise RFT,3,3.353571074
0,0,0.5,0.1,7,Clusterwise RFT,3,3.369404761
0,0,0.5,0.1,10,Clusterwise RFT,3,3.367079833
0,0,0.5,0.1,15,Clusterwise RFT,3,3.366456442
0,0,0.5,0.1,20,Clusterwise RFT,3,3.36194757
0,0,0.5,0.1,30,Clusterwise RFT,3,3.356739743
0,0,0.5,0.1,45,Clusterwise RFT,3,3.360610181
0,0,0.5,0.1,60,Clusterwise RFT,3,3.357439247
0,0,0.5,0.25,2,Clusterwise RFT,3,3.360477411
0,0,0.5,0.25,5,Clusterwise RFT,3,3.346428258
0,0,0.5,0.25,7,Clusterwise RFT,3,3.369920958
0,0,0.5,0.25,10,Clusterwise RFT,3,3.353248806
0,0.000112676,0.5,0.25,15,Clusterwise RFT,3,3.368244772
0,0.001896714,0.5,0.25,20,Clusterwise RFT,3,3.366945503
0,0.018366197,0.5,0.25,30,Clusterwise RFT,3,3.357554055
0,0.093915493,0.5,0.25,45,Clusterwise RFT,3,3.361157214
0,0.194816901,0.5,0.25,60,Clusterwise RFT,3,3.360031453
0,0,0.5,0.5,2,Clusterwise RFT,3,3.380089154
0,0,0.5,0.5,5,Clusterwise RFT,3,3.341921187
0,0.000694836,0.5,0.5,7,Clusterwise RFT,3,3.354445529
0,0.010760563,0.5,0.5,10,Clusterwise RFT,3,3.350213675
0,0.107211268,0.5,0.5,15,Clusterwise RFT,3,3.367370462
0,0.23515493,0.5,0.5,20,Clusterwise RFT,3,3.357115397
0,0.408413146,0.5,0.5,30,Clusterwise RFT,3,3.357556658
0,0.504150235,0.5,0.5,45,Clusterwise RFT,3,3.361165432
0,0.526647887,0.5,0.5,60,Clusterwise RFT,3,3.365138985
0,0,0.5,0.75,2,Clusterwise RFT,3,3.383958715
0,0.000338028,0.5,0.75,5,Clusterwise RFT,3,3.333706242
0,0.023079812,0.5,0.75,7,Clusterwise RFT,3,3.355872121
0,0.173276995,0.5,0.75,10,Clusterwise RFT,3,3.344154742
0,0.385953052,0.5,0.75,15,Clusterwise RFT,3,3.355712456
0,0.481690141,0.5,0.75,20,Clusterwise RFT,3,3.349969023
0,0.528244131,0.5,0.75,30,Clusterwise RFT,3,3.3556904
0,0.535605634,0.5,0.75,45,Clusterwise RFT,3,3.353513949
0,0.53800939,0.5,0.75,60,Clusterwise RFT,3,3.363581016
0,0,0.5,1,2,Clusterwise RFT,3,3.370724256
0,0.008075117,0.5,1,5,Clusterwise RFT,3,3.343311758
0,0.143380282,0.5,1,7,Clusterwise RFT,3,3.373702456
0,0.370178404,0.5,1,10,Clusterwise RFT,3,3.368817929
0,0.506497653,0.5,1,15,Clusterwise RFT,3,3.36680421
0.004,0.530347418,0.5,1,20,Clusterwise RFT,3,3.343436471
0,0.536976526,0.5,1,30,Clusterwise RFT,3,3.357624511
0,0.541389671,0.5,1,45,Clusterwise RFT,3,3.358520869
0,0.548638498,0.5,1,60,Clusterwise RFT,3,3.357701688
0,0,0.5,1.25,2,Clusterwise RFT,3,3.354757763
0,0.044093897,0.5,1.25,5,Clusterwise RFT,3,3.367142641
0,0.291699531,0.5,1.25,7,Clusterwise RFT,3,3.361649846
0,0.481220657,0.5,1.25,10,Clusterwise RFT,3,3.348077601
0,0.531812207,0.5,1.25,15,Clusterwise RFT,3,3.345580221
0,0.536225352,0.5,1.25,20,Clusterwise RFT,3,3.362591679
0,0.542253521,0.5,1.25,30,Clusterwise RFT,3,3.361006413
0,0.551305164,0.5,1.25,45,Clusterwise RFT,3,3.357536673
0,0.563511737,0.5,1.25,60,Clusterwise RFT,3,3.356162925
0,0,0.5,1.5,2,Clusterwise RFT,3,3.381964955
0,0.133014085,0.5,1.5,5,Clusterwise RFT,3,3.355906072
0,0.401333333,0.5,1.5,7,Clusterwise RFT,3,3.367907364
0,0.521408451,0.5,1.5,10,Clusterwise RFT,3,3.354956282
0,0.535830986,0.5,1.5,15,Clusterwise RFT,3,3.355513294
0,0.540544601,0.5,1.5,20,Clusterwise RFT,3,3.3596132
0,0.549258216,0.5,1.5,30,Clusterwise RFT,3,3.357873296
0,0.567605634,0.5,1.5,45,Clusterwise RFT,3,3.358747526
0,0.584150235,0.5,1.5,60,Clusterwise RFT,3,3.356992895
0,0,0.5,1.75,2,Clusterwise RFT,3,3.345653023
0,0.225502347,0.5,1.75,5,Clusterwise RFT,3,3.365925396
0,0.473239437,0.5,1.75,7,Clusterwise RFT,3,3.348927362
0,0.532356808,0.5,1.75,10,Clusterwise RFT,3,3.358451979
0,0.539680751,0.5,1.75,15,Clusterwise RFT,3,3.355484665
0,0.545295775,0.5,1.75,20,Clusterwise RFT,3,3.358491339
0,0.560619718,0.5,1.75,30,Clusterwise RFT,3,3.369580776
0,0.583849765,0.5,1.75,45,Clusterwise RFT,3,3.357376627
0,0.604769953,0.5,1.75,60,Clusterwise RFT,3,3.35783336
0,0,0.5,2,2,Clusterwise RFT,3,3.339496512
0,0.305615023,0.5,2,5,Clusterwise RFT,3,3.386010903
0,0.508507042,0.5,2,7,Clusterwise RFT,3,3.355617584
0,0.535342723,0.5,2,10,Clusterwise RFT,3,3.352079121
0,0.543399061,0.5,2,15,Clusterwise RFT,3,3.361470184
0,0.552206573,0.5,2,20,Clusterwise RFT,3,3.357888992
0,0.573258216,0.5,2,30,Clusterwise RFT,3,3.361288167
0,0.599887324,0.5,2,45,Clusterwise RFT,3,3.362252352
0,0.620882629,0.5,2,60,Clusterwise RFT,3,3.358998266
0,0,0.5,2.25,2,Clusterwise RFT,3,3.320008642
0,0.374704225,0.5,2.25,5,Clusterwise RFT,3,3.364934758
0,0.525690141,0.5,2.25,7,Clusterwise RFT,3,3.342854327
0,0.537896714,0.5,2.25,10,Clusterwise RFT,3,3.347340396
0,0.548338028,0.5,2.25,15,Clusterwise RFT,3,3.366135802
0.004,0.561051643,0.5,2.25,20,Clusterwise RFT,3,3.357836741
0,0.586553991,0.5,2.25,30,Clusterwise RFT,3,3.357697014
0,0.614892019,0.5,2.25,45,Clusterwise RFT,3,3.354909305
0,0.634929577,0.5,2.25,60,Clusterwise RFT,3,3.356557806
0,0,0.5,2.5,2,Clusterwise RFT,3,3.340794101
0,0.426234742,0.5,2.5,5,Clusterwise RFT,3,3.365141274
0,0.531906103,0.5,2.5,7,Clusterwise RFT,3,3.360683468
0,0.54084507,0.5,2.5,10,Clusterwise RFT,3,3.370473231
0,0.55543662,0.5,2.5,15,Clusterwise RFT,3,3.345069723
0,0.570460094,0.5,2.5,20,Clusterwise RFT,3,3.363325593
0,0.599530516,0.5,2.5,30,Clusterwise RFT,3,3.359531803
0,0.628938967,0.5,2.5,45,Clusterwise RFT,3,3.361387153
0.008,0.645370892,0.5,2.5,60,Clusterwise RFT,3,3.360381915
0,0,0.5,2.75,2,Clusterwise RFT,3,3.374349278
0.004,0.463305164,0.5,2.75,5,Clusterwise RFT,3,3.349847411
0,0.535079812,0.5,2.75,7,Clusterwise RFT,3,3.368874152
0,0.543549296,0.5,2.75,10,Clusterwise RFT,3,3.348986526
0,0.561126761,0.5,2.75,15,Clusterwise RFT,3,3.361294631
0,0.580187793,0.5,2.75,20,Clusterwise RFT,3,3.360108354
0,0.610873239,0.5,2.75,30,Clusterwise RFT,3,3.360940139
0,0.638948357,0.5,2.75,45,Clusterwise RFT,3,3.365039384
0,0.657220657,0.5,2.75,60,Clusterwise RFT,3,3.358114243
0,0,0.5,3,2,Clusterwise RFT,3,3.366000032
0,0.4902723,0.5,3,5,Clusterwise RFT,3,3.360127143
0,0.537333333,0.5,3,7,Clusterwise RFT,3,3.354122228
0,0.547981221,0.5,3,10,Clusterwise RFT,3,3.3542473
0,0.569558685,0.5,3,15,Clusterwise RFT,3,3.374015631
0,0.589915493,0.5,3,20,Clusterwise RFT,3,3.361676629
0,0.622798122,0.5,3,30,Clusterwise RFT,3,3.360407704
0,0.649821596,0.5,3,45,Clusterwise RFT,3,3.360246143
0,0.666910798,0.5,3,60,Clusterwise RFT,3,3.359137574
0,0,0.75,0,2,Clusterwise RFT,3,3.692472577
0,0,0.75,0,5,Clusterwise RFT,3,3.627763845
0,0,0.75,0,7,Clusterwise RFT,3,3.650564281
0.004,0,0.75,0,10,Clusterwise RFT,3,3.595818564
0,0,0.75,0,15,Clusterwise RFT,3,3.663525322
0,0,0.75,0,20,Clusterwise RFT,3,3.643763894
0,0,0.75,0,30,Clusterwise RFT,3,3.651719409
0,0,0.75,0,45,Clusterwise RFT,3,3.632596541
0,0,0.75,0,60,Clusterwise RFT,3,3.638740169
0,0,0.75,0.1,2,Clusterwise RFT,3,3.648900769
0,0,0.75,0.1,5,Clusterwise RFT,3,3.600819102
0,0,0.75,0.1,7,Clusterwise RFT,3,3.62548002
0,0,0.75,0.1,10,Clusterwise RFT,3,3.66361149
0,9.82E-05,0.75,0.1,15,Clusterwise RFT,3,3.626704189
0,0.000392982,0.75,0.1,20,Clusterwise RFT,3,3.651522802
0,0.001052632,0.75,0.1,30,Clusterwise RFT,3,3.629415749
0,0.007003509,0.75,0.1,45,Clusterwise RFT,3,3.653992613
0.008,0.024842105,0.75,0.1,60,Clusterwise RFT,3,3.645742922
0,0,0.75,0.25,2,Clusterwise RFT,3,3.583746008
0,0.000112281,0.75,0.25,5,Clusterwise RFT,3,3.674862499
0,0.000336842,0.75,0.25,7,Clusterwise RFT,3,3.661484029
0,0.004870175,0.75,0.25,10,Clusterwise RFT,3,3.626183876
0,0.036308772,0.75,0.25,15,Clusterwise RFT,3,3.651197797
0,0.085529825,0.75,0.25,20,Clusterwise RFT,3,3.643318193
0,0.198764912,0.75,0.25,30,Clusterwise RFT,3,3.632161131
0,0.306442105,0.75,0.25,45,Clusterwise RFT,3,3.648394309
0,0.355396491,0.75,0.25,60,Clusterwise RFT,3,3.651253233
0,0,0.75,0.5,2,Clusterwise RFT,3,3.530769711
0,0.002919298,0.75,0.5,5,Clusterwise RFT,3,3.642475251
0,0.044014035,0.75,0.5,7,Clusterwise RFT,3,3.622445831
0,0.173922807,0.75,0.5,10,Clusterwise RFT,3,3.645665548
0,0.314287719,0.75,0.5,15,Clusterwise RFT,3,3.643922271
0,0.367396491,0.75,0.5,20,Clusterwise RFT,3,3.630853977
0.004,0.404126316,0.75,0.5,30,Clusterwise RFT,3,3.624233191
0.004,0.426189474,0.75,0.5,45,Clusterwise RFT,3,3.64639459
0,0.441263158,0.75,0.5,60,Clusterwise RFT,3,3.646100389
0,0,0.75,0.75,2,Clusterwise RFT,3,3.652459313
0,0.041375439,0.75,0.75,5,Clusterwise RFT,3,3.626920944
0,0.201908772,0.75,0.75,7,Clusterwise RFT,3,3.660939704
0,0.340659649,0.75,0.75,10,Clusterwise RFT,3,3.657157316
0,0.398975439,0.75,0.75,15,Clusterwise RFT,3,3.65015017
0,0.419242105,0.75,0.75,20,Clusterwise RFT,3,3.632824433
0.004,0.442835088,0.75,0.75,30,Clusterwise RFT,3,3.638849327
0.004,0.467649123,0.75,0.75,45,Clusterwise RFT,3,3.639219091
0,0.48402807,0.75,0.75,60,Clusterwise RFT,3,3.652167753
0,0,0.75,1,2,Clusterwise RFT,3,3.593768062
0,0.134007018,0.75,1,5,Clusterwise RFT,3,3.688192552
0,0.321361404,0.75,1,7,Clusterwise RFT,3,3.624693611
0.004,0.395214035,0.75,1,10,Clusterwise RFT,3,3.65319589
0.004,0.428842105,0.75,1,15,Clusterwise RFT,3,3.651867759
0,0.447803509,0.75,1,20,Clusterwise RFT,3,3.648113738
0.008,0.474736842,0.75,1,30,Clusterwise RFT,3,3.645298028
0,0.495901754,0.75,1,45,Clusterwise RFT,3,3.645302404
0,0.507115789,0.75,1,60,Clusterwise RFT,3,3.644703215
0,0,0.75,1.25,2,Clusterwise RFT,3,3.632383898
0,0.234175439,0.75,1.25,5,Clusterwise RFT,3,3.682988545
0,0.376084211,0.75,1.25,7,Clusterwise RFT,3,3.62152867
0,0.420701754,0.75,1.25,10,Clusterwise RFT,3,3.626905696
0,0.452378947,0.75,1.25,15,Clusterwise RFT,3,3.640072748
0,0.472378947,0.75,1.25,20,Clusterwise RFT,3,3.63002116
0.008,0.496350877,0.75,1.25,30,Clusterwise RFT,3,3.629876738
0.004,0.51205614,0.75,1.25,45,Clusterwise RFT,3,3.639573298
0,0.522498246,0.75,1.25,60,Clusterwise RFT,3,3.637879095
0,0,0.75,1.5,2,Clusterwise RFT,3,3.745543723
0,0.304673684,0.75,1.5,5,Clusterwise RFT,3,3.644943668
0,0.403564912,0.75,1.5,7,Clusterwise RFT,3,3.645033623
0,0.438947368,0.75,1.5,10,Clusterwise RFT,3,3.627051985
0.004,0.470568421,0.75,1.5,15,Clusterwise RFT,3,3.638033823
0.004,0.490063158,0.75,1.5,20,Clusterwise RFT,3,3.639342972
0,0.508912281,0.75,1.5,30,Clusterwise RFT,3,3.632532586
0,0.522189474,0.75,1.5,45,Clusterwise RFT,3,3.63605264
0.004,0.529585965,0.75,1.5,60,Clusterwise RFT,3,3.63850094
0,0,0.75,1.75,2,Clusterwise RFT,3,3.637043662
0,0.349122807,0.75,1.75,5,Clusterwise RFT,3,3.656876327
0,0.419017544,0.75,1.75,7,Clusterwise RFT,3,3.649806711
0,0.454512281,0.75,1.75,10,Clusterwise RFT,3,3.634220122
0,0.48562807,0.75,1.75,15,Clusterwise RFT,3,3.64755386
0,0.501978947,0.75,1.75,20,Clusterwise RFT,3,3.637920411
0,0.518147368,0.75,1.75,30,Clusterwise RFT,3,3.641641737
0,0.529950877,0.75,1.75,45,Clusterwise RFT,3,3.645318561
0.004,0.537277193,0.75,1.75,60,Clusterwise RFT,3,3.64780993
0,0,0.75,2,2,Clusterwise RFT,3,3.689040135
0,0.379354386,0.75,2,5,Clusterwise RFT,3,3.623359475
0,0.432182456,0.75,2,7,Clusterwise RFT,3,3.640915829
0,0.467410526,0.75,2,10,Clusterwise RFT,3,3.629382097
0.004,0.497894737,0.75,2,15,Clusterwise RFT,3,3.654997533
0.004,0.511284211,0.75,2,20,Clusterwise RFT,3,3.670043061
0,0.525052632,0.75,2,30,Clusterwise RFT,3,3.644143297
0.004,0.537431579,0.75,2,45,Clusterwise RFT,3,3.646133668
0,0.546245614,0.75,2,60,Clusterwise RFT,3,3.639142428
0,0,0.75,2.25,2,Clusterwise RFT,3,3.599321387
0,0.397992982,0.75,2.25,5,Clusterwise RFT,3,3.625581615
0,0.444870175,0.75,2.25,7,Clusterwise RFT,3,3.620593134
0,0.480645614,0.75,2.25,10,Clusterwise RFT,3,3.65147836
0,0.506652632,0.75,2.25,15,Clusterwise RFT,3,3.647221473
0,0.518624561,0.75,2.25,20,Clusterwise RFT,3,3.645373547
0,0.531185965,0.75,2.25,30,Clusterwise RFT,3,3.64353701
0,0.544070175,0.75,2.25,45,Clusterwise RFT,3,3.637365813
0,0.555747368,0.75,2.25,60,Clusterwise RFT,3,3.645894892
0,0,0.75,2.5,2,Clusterwise RFT,3,3.646356827
0,0.411480702,0.75,2.5,5,Clusterwise RFT,3,3.667412629
0,0.455508772,0.75,2.5,7,Clusterwise RFT,3,3.645914928
0,0.490273684,0.75,2.5,10,Clusterwise RFT,3,3.677739981
0,0.512757895,0.75,2.5,15,Clusterwise RFT,3,3.641295378
0,0.523354386,0.75,2.5,20,Clusterwise RFT,3,3.637240627
0,0.53605614,0.75,2.5,30,Clusterwise RFT,3,3.652756972
0.004,0.550736842,0.75,2.5,45,Clusterwise RFT,3,3.647400442
0,0.563803509,0.75,2.5,60,Clusterwise RFT,3,3.635230259
0,0,0.75,2.75,2,Clusterwise RFT,3,3.607145573
0,0.421810526,0.75,2.75,5,Clusterwise RFT,3,3.625527473
0,0.466133333,0.75,2.75,7,Clusterwise RFT,3,3.658194236
0.004,0.498259649,0.75,2.75,10,Clusterwise RFT,3,3.634101103
0,0.519719298,0.75,2.75,15,Clusterwise RFT,3,3.633961298
0,0.528715789,0.75,2.75,20,Clusterwise RFT,3,3.634763629
0,0.542049123,0.75,2.75,30,Clusterwise RFT,3,3.628180252
0.004,0.558708772,0.75,2.75,45,Clusterwise RFT,3,3.655574939
0,0.572364912,0.75,2.75,60,Clusterwise RFT,3,3.651839551
0,0,0.75,3,2,Clusterwise RFT,3,3.582841072
0,0.430175439,0.75,3,5,Clusterwise RFT,3,3.620069478
0,0.474933333,0.75,3,7,Clusterwise RFT,3,3.628708752
0,0.504589474,0.75,3,10,Clusterwise RFT,3,3.650395933
0,0.523480702,0.75,3,15,Clusterwise RFT,3,3.636318682
0,0.532842105,0.75,3,20,Clusterwise RFT,3,3.634225341
0.008,0.547677193,0.75,3,30,Clusterwise RFT,3,3.646104451
0.004,0.564940351,0.75,3,45,Clusterwise RFT,3,3.654767007
0,0.579452632,0.75,3,60,Clusterwise RFT,3,3.64126831
0,0,1,0,2,Clusterwise RFT,3,4.333282229
0,0,1,0,5,Clusterwise RFT,3,4.176705879
0,0,1,0,7,Clusterwise RFT,3,4.141976829
0,0,1,0,10,Clusterwise RFT,3,4.216343128
0.004,0,1,0,15,Clusterwise RFT,3,4.231512011
0.004,0,1,0,20,Clusterwise RFT,3,4.159992042
0.016,8.02E-05,1,0,30,Clusterwise RFT,3,4.177441987
0.004,9.17E-05,1,0,45,Clusterwise RFT,3,4.172285971
0.004,0,1,0,60,Clusterwise RFT,3,4.1803271
0,0,1,0.1,2,Clusterwise RFT,3,4.093188068
0,0,1,0.1,5,Clusterwise RFT,3,4.165989972
0,9.17E-05,1,0.1,7,Clusterwise RFT,3,4.187430345
0.004,0.000103152,1,0.1,10,Clusterwise RFT,3,4.147358046
0.008,0.001432665,1,0.1,15,Clusterwise RFT,3,4.162757972
0,0.003873926,1,0.1,20,Clusterwise RFT,3,4.162451035
0.004,0.011633238,1,0.1,30,Clusterwise RFT,3,4.168531881
0.008,0.039805158,1,0.1,45,Clusterwise RFT,3,4.17272282
0,0.075277937,1,0.1,60,Clusterwise RFT,3,4.169176406
0,0,1,0.25,2,Clusterwise RFT,3,4.191956938
0,0.000401146,1,0.25,5,Clusterwise RFT,3,4.160387946
0,0.004630372,1,0.25,7,Clusterwise RFT,3,4.17330328
0,0.029054441,1,0.25,10,Clusterwise RFT,3,4.186893594
0,0.099174785,1,0.25,15,Clusterwise RFT,3,4.202815562
0.008,0.165684814,1,0.25,20,Clusterwise RFT,3,4.204972752
0.004,0.253065903,1,0.25,30,Clusterwise RFT,3,4.15904072
0.004,0.30782808,1,0.25,45,Clusterwise RFT,3,4.171599764
0.004,0.329226361,1,0.25,60,Clusterwise RFT,3,4.154007847
0,0,1,0.5,2,Clusterwise RFT,3,4.228364065
0,0.016710602,1,0.5,5,Clusterwise RFT,3,4.133586523
0,0.117776504,1,0.5,7,Clusterwise RFT,3,4.186667766
0,0.237249284,1,0.5,10,Clusterwise RFT,3,4.181821495
0.012,0.308527221,1,0.5,15,Clusterwise RFT,3,4.150870131
0,0.338727794,1,0.5,20,Clusterwise RFT,3,4.201046824
0.008,0.367289398,1,0.5,30,Clusterwise RFT,3,4.16916626
0.012,0.393455587,1,0.5,45,Clusterwise RFT,3,4.168290486
0.008,0.407083095,1,0.5,60,Clusterwise RFT,3,4.151483163
0,0,1,0.75,2,Clusterwise RFT,3,4.124110917
0,0.111186246,1,0.75,5,Clusterwise RFT,3,4.157490095
0,0.252882521,1,0.75,7,Clusterwise RFT,3,4.193371393
0.008,0.323358166,1,0.75,10,Clusterwise RFT,3,4.163292627
0.004,0.360412607,1,0.75,15,Clusterwise RFT,3,4.194936355
0.016,0.38312894,1,0.75,20,Clusterwise RFT,3,4.149098569
0,0.40826361,1,0.75,30,Clusterwise RFT,3,4.170984497
0.004,0.424538682,1,0.75,45,Clusterwise RFT,3,4.190520673
0,0.437616046,1,0.75,60,Clusterwise RFT,3,4.166768603
0,0,1,1,2,Clusterwise RFT,3,4.123381462
0,0.202498567,1,1,5,Clusterwise RFT,3,4.207412898
0,0.315266476,1,1,7,Clusterwise RFT,3,4.162873004
0,0.360011461,1,1,10,Clusterwise RFT,3,4.152744551
0.008,0.39304298,1,1,15,Clusterwise RFT,3,4.169523689
0.012,0.41173639,1,1,20,Clusterwise RFT,3,4.138241073
0.012,0.429489971,1,1,30,Clusterwise RFT,3,4.173450439
0.016,0.448446991,1,1,45,Clusterwise RFT,3,4.163344106
0.012,0.461363897,1,1,60,Clusterwise RFT,3,4.150089247
0,0,1,1.25,2,Clusterwise RFT,3,4.18710868
0,0.265891117,1,1.25,5,Clusterwise RFT,3,4.138623951
0,0.345627507,1,1.25,7,Clusterwise RFT,3,4.195667664
0.004,0.383908309,1,1.25,10,Clusterwise RFT,3,4.108066723
0.004,0.413707736,1,1.25,15,Clusterwise RFT,3,4.174036268
0.004,0.428905444,1,1.25,20,Clusterwise RFT,3,4.15924303
0.008,0.447117479,1,1.25,30,Clusterwise RFT,3,4.156169629
0.004,0.468710602,1,1.25,45,Clusterwise RFT,3,4.171176108
0.016,0.482647564,1,1.25,60,Clusterwise RFT,3,4.163358236
0,0,1,1.5,2,Clusterwise RFT,3,4.210131568
0,0.307839542,1,1.5,5,Clusterwise RFT,3,4.186006823
0,0.366452722,1,1.5,7,Clusterwise RFT,3,4.12161569
0.004,0.402200573,1,1.5,10,Clusterwise RFT,3,4.153794154
0,0.42695702,1,1.5,15,Clusterwise RFT,3,4.15141966
0.004,0.441398281,1,1.5,20,Clusterwise RFT,3,4.179818845
0.008,0.464584527,1,1.5,30,Clusterwise RFT,3,4.192373939
0.012,0.48312894,1,1.5,45,Clusterwise RFT,3,4.182366619
0.008,0.495277937,1,1.5,60,Clusterwise RFT,3,4.181205143
0,0,1,1.75,2,Clusterwise RFT,3,4.079153651
0,0.330968481,1,1.75,5,Clusterwise RFT,3,4.213327715
0,0.384412607,1,1.75,7,Clusterwise RFT,3,4.203022116
0,0.416538682,1,1.75,10,Clusterwise RFT,3,4.210727265
0,0.438418338,1,1.75,15,Clusterwise RFT,3,4.160888348
0.016,0.454704871,1,1.75,20,Clusterwise RFT,3,4.178743948
0.004,0.478704871,1,1.75,30,Clusterwise RFT,3,4.183675195
0.008,0.494555874,1,1.75,45,Clusterwise RFT,3,4.18555117
0.004,0.503106017,1,1.75,60,Clusterwise RFT,3,4.174858254
0,0,1,2,2,Clusterwise RFT,3,4.093831154
0,0.349558739,1,2,5,Clusterwise RFT,3,4.191242862
0,0.39825788,1,2,7,Clusterwise RFT,3,4.131096625
0.004,0.425856734,1,2,10,Clusterwise RFT,3,4.165836112
0,0.449295129,1,2,15,Clusterwise RFT,3,4.166882279
0.008,0.468401146,1,2,20,Clusterwise RFT,3,4.162501359
0.02,0.487862464,1,2,30,Clusterwise RFT,3,4.190186179
0.008,0.502223496,1,2,45,Clusterwise RFT,3,4.156519266
0.012,0.510315186,1,2,60,Clusterwise RFT,3,4.161564193
0,0,1,2.25,2,Clusterwise RFT,3,4.243744644
0,0.362716332,1,2.25,5,Clusterwise RFT,3,4.190867688
0,0.408389685,1,2.25,7,Clusterwise RFT,3,4.170528111
0,0.434922636,1,2.25,10,Clusterwise RFT,3,4.169346894
0.008,0.461031519,1,2.25,15,Clusterwise RFT,3,4.147275011
0.008,0.477421203,1,2.25,20,Clusterwise RFT,3,4.159956486
0.008,0.496103152,1,2.25,30,Clusterwise RFT,3,4.16754645
0.008,0.510166189,1,2.25,45,Clusterwise RFT,3,4.173610821
0,0.517547278,1,2.25,60,Clusterwise RFT,3,4.163889609
0,0,1,2.5,2,Clusterwise RFT,3,4.21208691
0,0.375919771,1,2.5,5,Clusterwise RFT,3,4.24517712
0,0.417879656,1,2.5,7,Clusterwise RFT,3,4.120166946
0,0.442830946,1,2.5,10,Clusterwise RFT,3,4.177833821
0.016,0.469959885,1,2.5,15,Clusterwise RFT,3,4.183326978
0.016,0.486727794,1,2.5,20,Clusterwise RFT,3,4.176961035
0.004,0.502601719,1,2.5,30,Clusterwise RFT,3,4.185313064
0.004,0.514452722,1,2.5,45,Clusterwise RFT,3,4.171561349
0.016,0.524790831,1,2.5,60,Clusterwise RFT,3,4.178317516
0,0.000103152,1,2.75,2,Clusterwise RFT,3,4.008910965
0,0.386200573,1,2.75,5,Clusterwise RFT,3,4.178396421
0,0.424148997,1,2.75,7,Clusterwise RFT,3,4.15974119
0.008,0.451931232,1,2.75,10,Clusterwise RFT,3,4.168139329
0.008,0.478315186,1,2.75,15,Clusterwise RFT,3,4.172859987
0,0.492492837,1,2.75,20,Clusterwise RFT,3,4.180614367
0.004,0.506418338,1,2.75,30,Clusterwise RFT,3,4.167000372
0.004,0.520550143,1,2.75,45,Clusterwise RFT,3,4.171675431
0.016,0.530269341,1,2.75,60,Clusterwise RFT,3,4.170311722
0,0,1,3,2,Clusterwise RFT,3,4.155067661
0,0.393879656,1,3,5,Clusterwise RFT,3,4.188963857
0,0.431908309,1,3,7,Clusterwise RFT,3,4.194087543
0,0.458383954,1,3,10,Clusterwise RFT,3,4.187495731
0.008,0.484928367,1,3,15,Clusterwise RFT,3,4.166153567
0.012,0.498647564,1,3,20,Clusterwise RFT,3,4.173767707
0.012,0.511702006,1,3,30,Clusterwise RFT,3,4.188802134
0.004,0.526269341,1,3,45,Clusterwise RFT,3,4.191428908
0.024,0.536710602,1,3,60,Clusterwise RFT,3,4.18879633
0,0,1.25,0,2,Clusterwise RFT,3,4.882588667
0,0,1.25,0,5,Clusterwise RFT,3,4.931581119
0,0,1.25,0,7,Clusterwise RFT,3,4.870396021
0.012,0,1.25,0,10,Clusterwise RFT,3,4.931326366
0.004,0,1.25,0,15,Clusterwise RFT,3,4.825636143
0,0,1.25,0,20,Clusterwise RFT,3,4.850645827
0.004,0.000167832,1.25,0,30,Clusterwise RFT,3,4.830803983
0.016,0,1.25,0,45,Clusterwise RFT,3,4.835577798
0.04,0.000111888,1.25,0,60,Clusterwise RFT,3,4.817975508
0,0,1.25,0.1,2,Clusterwise RFT,3,4.74609855
0,0,1.25,0.1,5,Clusterwise RFT,3,4.856909037
0.004,0,1.25,0.1,7,Clusterwise RFT,3,4.799202848
0.004,0.000317016,1.25,0.1,10,Clusterwise RFT,3,4.795725773
0.004,0.003356643,1.25,0.1,15,Clusterwise RFT,3,4.82939129
0,0.009156177,1.25,0.1,20,Clusterwise RFT,3,4.813263099
0.004,0.028214452,1.25,0.1,30,Clusterwise RFT,3,4.857870811
0.016,0.065379953,1.25,0.1,45,Clusterwise RFT,3,4.81823048
0.004,0.110759907,1.25,0.1,60,Clusterwise RFT,3,4.825058409
0,0,1.25,0.25,2,Clusterwise RFT,3,4.859217029
0,0.001212121,1.25,0.25,5,Clusterwise RFT,3,4.836653481
0,0.012018648,1.25,0.25,7,Clusterwise RFT,3,4.869123055
0,0.0555338,1.25,0.25,10,Clusterwise RFT,3,4.824716091
0.02,0.132410256,1.25,0.25,15,Clusterwise RFT,3,4.818385592
0.016,0.191188811,1.25,0.25,20,Clusterwise RFT,3,4.828801284
0.024,0.244652681,1.25,0.25,30,Clusterwise RFT,3,4.80864672
0.008,0.276727273,1.25,0.25,45,Clusterwise RFT,3,4.863678782
0.02,0.295692308,1.25,0.25,60,Clusterwise RFT,3,4.826475007
0,0,1.25,0.5,2,Clusterwise RFT,3,5.033407382
0,0.045006993,1.25,0.5,5,Clusterwise RFT,3,4.853900185
0.004,0.149874126,1.25,0.5,7,Clusterwise RFT,3,4.848079778
0,0.232447552,1.25,0.5,10,Clusterwise RFT,3,4.857986737
0.008,0.277491841,1.25,0.5,15,Clusterwise RFT,3,4.776342607
0,0.303048951,1.25,0.5,20,Clusterwise RFT,3,4.798116125
0.004,0.329398601,1.25,0.5,30,Clusterwise RFT,3,4.835063178
0.008,0.350331002,1.25,0.5,45,Clusterwise RFT,3,4.844694941
0.02,0.362554779,1.25,0.5,60,Clusterwise RFT,3,4.817423968
0,0,1.25,0.75,2,Clusterwise RFT,3,4.877695137
0,0.140317016,1.25,0.75,5,Clusterwise RFT,3,4.942443125
0.004,0.243617716,1.25,0.75,7,Clusterwise RFT,3,4.828635479
0.008,0.289771562,1.25,0.75,10,Clusterwise RFT,3,4.852293267
0.008,0.324634033,1.25,0.75,15,Clusterwise RFT,3,4.833213948
0.004,0.344270396,1.25,0.75,20,Clusterwise RFT,3,4.850949466
0.016,0.365911422,1.25,0.75,30,Clusterwise RFT,3,4.813349424
0.016,0.387412587,1.25,0.75,45,Clusterwise RFT,3,4.820258479
0.012,0.402657343,1.25,0.75,60,Clusterwise RFT,3,4.797773826
0,0,1.25,1,2,Clusterwise RFT,3,4.699784261
0,0.209081585,1.25,1,5,Clusterwise RFT,3,4.898645428
0.004,0.285482517,1.25,1,7,Clusterwise RFT,3,4.789898322
0.016,0.323179487,1.25,1,10,Clusterwise RFT,3,4.784807979
0.004,0.352363636,1.25,1,15,Clusterwise RFT,3,4.837055876
0.016,0.368354312,1.25,1,20,Clusterwise RFT,3,4.785591414
0.004,0.393995338,1.25,1,30,Clusterwise RFT,3,4.821142384
0.02,0.413296037,1.25,1,45,Clusterwise RFT,3,4.831817798
0.012,0.424167832,1.25,1,60,Clusterwise RFT,3,4.782372647
0,0,1.25,1.25,2,Clusterwise RFT,3,4.690116681
0,0.255272727,1.25,1.25,5,Clusterwise RFT,3,4.777854566
0,0.309622378,1.25,1.25,7,Clusterwise RFT,3,4.841364871
0.008,0.345892774,1.25,1.25,10,Clusterwise RFT,3,4.857129151
0.004,0.371524476,1.25,1.25,15,Clusterwise RFT,3,4.814399714
0.004,0.390759907,1.25,1.25,20,Clusterwise RFT,3,4.869261418
0.008,0.410993007,1.25,1.25,30,Clusterwise RFT,3,4.838581957
0.016,0.427095571,1.25,1.25,45,Clusterwise RFT,3,4.829485444
0.012,0.438331002,1.25,1.25,60,Clusterwise RFT,3,4.814754675
0,0,1.25,1.5,2,Clusterwise RFT,3,4.8243558
0,0.279263403,1.25,1.5,5,Clusterwise RFT,3,4.857975739
0.012,0.328904429,1.25,1.5,7,Clusterwise RFT,3,4.795759476
0.004,0.361044289,1.25,1.5,10,Clusterwise RFT,3,4.845843812
0.016,0.390135198,1.25,1.5,15,Clusterwise RFT,3,4.808115971
0.008,0.406331002,1.25,1.5,20,Clusterwise RFT,3,4.852115316
0.012,0.425100233,1.25,1.5,30,Clusterwise RFT,3,4.865704237
0.008,0.440074592,1.25,1.5,45,Clusterwise RFT,3,4.787573495
0.02,0.45190676,1.25,1.5,60,Clusterwise RFT,3,4.822255779
0,0,1.25,1.75,2,Clusterwise RFT,3,4.790266995
0,0.299599068,1.25,1.75,5,Clusterwise RFT,3,4.834446098
0,0.343347319,1.25,1.75,7,Clusterwise RFT,3,4.807153249
0.008,0.375086247,1.25,1.75,10,Clusterwise RFT,3,4.874839756
0.008,0.404074592,1.25,1.75,15,Clusterwise RFT,3,4.878712336
0.012,0.41802331,1.25,1.75,20,Clusterwise RFT,3,4.84991345
0.012,0.434237762,1.25,1.75,30,Clusterwise RFT,3,4.830921683
0.02,0.451878788,1.25,1.75,45,Clusterwise RFT,3,4.819041202
0.004,0.464195804,1.25,1.75,60,Clusterwise RFT,3,4.810724055
0,0,1.25,2,2,Clusterwise RFT,3,4.77494477
0,0.313174825,1.25,2,5,Clusterwise RFT,3,4.867355334
0,0.355692308,1.25,2,7,Clusterwise RFT,3,4.750783786
0.008,0.388111888,1.25,2,10,Clusterwise RFT,3,4.873721456
0.004,0.413892774,1.25,2,15,Clusterwise RFT,3,4.791027553
0.008,0.427310023,1.25,2,20,Clusterwise RFT,3,4.833041048
0.016,0.444839161,1.25,2,30,Clusterwise RFT,3,4.828146706
0.024,0.461659674,1.25,2,45,Clusterwise RFT,3,4.832872867
0.028,0.472857809,1.25,2,60,Clusterwise RFT,3,4.847387922
0,0,1.25,2.25,2,Clusterwise RFT,3,4.858196259
0,0.325818182,1.25,2.25,5,Clusterwise RFT,3,4.712707808
0.004,0.366610723,1.25,2.25,7,Clusterwise RFT,3,4.803530862
0,0.397333333,1.25,2.25,10,Clusterwise RFT,3,4.814427665
0.008,0.421454545,1.25,2.25,15,Clusterwise RFT,3,4.841178576
0.016,0.435104895,1.25,2.25,20,Clusterwise RFT,3,4.840885865
0.016,0.452354312,1.25,2.25,30,Clusterwise RFT,3,4.839741463
0.024,0.470172494,1.25,2.25,45,Clusterwise RFT,3,4.842754716
0.02,0.481995338,1.25,2.25,60,Clusterwise RFT,3,4.812232208
0,0,1.25,2.5,2,Clusterwise RFT,3,4.831914269
0,0.337165501,1.25,2.5,5,Clusterwise RFT,3,4.77681155
0,0.376540793,1.25,2.5,7,Clusterwise RFT,3,4.795866733
0.004,0.408037296,1.25,2.5,10,Clusterwise RFT,3,4.806770693
0.008,0.429827506,1.25,2.5,15,Clusterwise RFT,3,4.840974822
0.008,0.442368298,1.25,2.5,20,Clusterwise RFT,3,4.799679026
0.012,0.460932401,1.25,2.5,30,Clusterwise RFT,3,4.847634544
0.016,0.477967366,1.25,2.5,45,Clusterwise RFT,3,4.848023972
0.004,0.489613054,1.25,2.5,60,Clusterwise RFT,3,4.812870113
0,0,1.25,2.75,2,Clusterwise RFT,3,4.833396941
0,0.3477669,1.25,2.75,5,Clusterwise RFT,3,4.781638881
0,0.385818182,1.25,2.75,7,Clusterwise RFT,3,4.832866579
0.004,0.414703963,1.25,2.75,10,Clusterwise RFT,3,4.792761016
0.004,0.435337995,1.25,2.75,15,Clusterwise RFT,3,4.798172028
0.012,0.448876457,1.25,2.75,20,Clusterwise RFT,3,4.818284514
0.004,0.467981352,1.25,2.75,30,Clusterwise RFT,3,4.833054838
0.008,0.486536131,1.25,2.75,45,Clusterwise RFT,3,4.802581
0.012,0.497668998,1.25,2.75,60,Clusterwise RFT,3,4.8315892
0,0,1.25,3,2,Clusterwise RFT,3,4.86168662
0,0.354545455,1.25,3,5,Clusterwise RFT,3,4.869238898
0,0.393463869,1.25,3,7,Clusterwise RFT,3,4.823068224
0.004,0.421771562,1.25,3,10,Clusterwise RFT,3,4.793635404
0.012,0.442200466,1.25,3,15,Clusterwise RFT,3,4.809534238
0.004,0.456484848,1.25,3,20,Clusterwise RFT,3,4.798962057
0.012,0.474526807,1.25,3,30,Clusterwise RFT,3,4.791553697
0.016,0.4917669,1.25,3,45,Clusterwise RFT,3,4.803795655
0.024,0.502759907,1.25,3,60,Clusterwise RFT,3,4.813721164
0,0,1.5,0,2,Clusterwise RFT,3,5.457689612
0,0,1.5,0,5,Clusterwise RFT,3,5.608235973
0.008,0,1.5,0,7,Clusterwise RFT,3,5.430423926
0,0,1.5,0,10,Clusterwise RFT,3,5.553586432
0.008,0,1.5,0,15,Clusterwise RFT,3,5.481351816
0.012,0.000102161,1.5,0,20,Clusterwise RFT,3,5.506560555
0.008,0,1.5,0,30,Clusterwise RFT,3,5.486123462
0.024,0.000125737,1.5,0,45,Clusterwise RFT,3,5.527839471
0.024,0,1.5,0,60,Clusterwise RFT,3,5.543999173
0,0,1.5,0.1,2,Clusterwise RFT,3,5.567576189
0,0,1.5,0.1,5,Clusterwise RFT,3,5.73637869
0.004,0.000573674,1.5,0.1,7,Clusterwise RFT,3,5.508312129
0.008,0.001909627,1.5,0.1,10,Clusterwise RFT,3,5.564853888
0,0.006907662,1.5,0.1,15,Clusterwise RFT,3,5.534457649
0.004,0.016982318,1.5,0.1,20,Clusterwise RFT,3,5.503921469
0.016,0.043630648,1.5,0.1,30,Clusterwise RFT,3,5.546842669
0.016,0.086868369,1.5,0.1,45,Clusterwise RFT,3,5.52553474
0.02,0.128117878,1.5,0.1,60,Clusterwise RFT,3,5.531985937
0,0,1.5,0.25,2,Clusterwise RFT,3,5.562272678
0,0.003017682,1.5,0.25,5,Clusterwise RFT,3,5.496776125
0,0.021634578,1.5,0.25,7,Clusterwise RFT,3,5.520247201
0,0.07432613,1.5,0.25,10,Clusterwise RFT,3,5.514994633
0.004,0.146695481,1.5,0.25,15,Clusterwise RFT,3,5.532273909
0.008,0.187811395,1.5,0.25,20,Clusterwise RFT,3,5.517639562
0.028,0.226491159,1.5,0.25,30,Clusterwise RFT,3,5.506124153
0.028,0.256628684,1.5,0.25,45,Clusterwise RFT,3,5.545018066
0.016,0.272785855,1.5,0.25,60,Clusterwise RFT,3,5.557934958
0,0,1.5,0.5,2,Clusterwise RFT,3,5.407465709
0,0.064699411,1.5,0.5,5,Clusterwise RFT,3,5.495580526
0.004,0.158404715,1.5,0.5,7,Clusterwise RFT,3,5.554996513
0.008,0.219300589,1.5,0.5,10,Clusterwise RFT,3,5.550480461
0.008,0.259693517,1.5,0.5,15,Clusterwise RFT,3,5.552862672
0.016,0.278302554,1.5,0.5,20,Clusterwise RFT,3,5.535807739
0.012,0.30345776,1.5,0.5,30,Clusterwise RFT,3,5.545638175
0.012,0.325941061,1.5,0.5,45,Clusterwise RFT,3,5.577402275
0.004,0.342766208,1.5,0.5,60,Clusterwise RFT,3,5.531751624
0,0,1.5,0.75,2,Clusterwise RFT,3,5.659650295
0,0.14394499,1.5,0.75,5,Clusterwise RFT,3,5.332090734
0,0.228330059,1.5,0.75,7,Clusterwise RFT,3,5.505574079
0.012,0.270176817,1.5,0.75,10,Clusterwise RFT,3,5.546737106
0.008,0.300895874,1.5,0.75,15,Clusterwise RFT,3,5.533440274
0.004,0.319442043,1.5,0.75,20,Clusterwise RFT,3,5.511339486
0.008,0.344416503,1.5,0.75,30,Clusterwise RFT,3,5.524723224
0.02,0.364440079,1.5,0.75,45,Clusterwise RFT,3,5.532034965
0.008,0.375017682,1.5,0.75,60,Clusterwise RFT,3,5.528775464
0,0,1.5,1,2,Clusterwise RFT,3,5.382589681
0,0.205115914,1.5,1,5,Clusterwise RFT,3,5.609226651
0.004,0.26302554,1.5,1,7,Clusterwise RFT,3,5.527983156
0.02,0.29902554,1.5,1,10,Clusterwise RFT,3,5.546772818
0.004,0.328510806,1.5,1,15,Clusterwise RFT,3,5.471389584
0.032,0.346750491,1.5,1,20,Clusterwise RFT,3,5.507040808
0.016,0.366923379,1.5,1,30,Clusterwise RFT,3,5.547308925
0.02,0.385163065,1.5,1,45,Clusterwise RFT,3,5.509204997
0.028,0.398388998,1.5,1,60,Clusterwise RFT,3,5.563411729
0,0,1.5,1.25,2,Clusterwise RFT,3,5.625729462
0,0.236345776,1.5,1.25,5,Clusterwise RFT,3,5.47647721
0.004,0.28745776,1.5,1.25,7,Clusterwise RFT,3,5.433414119
0.004,0.321312377,1.5,1.25,10,Clusterwise RFT,3,5.488536765
0,0.351300589,1.5,1.25,15,Clusterwise RFT,3,5.508034232
0.012,0.366066798,1.5,1.25,20,Clusterwise RFT,3,5.57053031
0.032,0.385611002,1.5,1.25,30,Clusterwise RFT,3,5.568995653
0.02,0.402671906,1.5,1.25,45,Clusterwise RFT,3,5.51921113
0.02,0.415599214,1.5,1.25,60,Clusterwise RFT,3,5.509181362
0,0,1.5,1.5,2,Clusterwise RFT,3,5.420229227
0,0.257265226,1.5,1.5,5,Clusterwise RFT,3,5.536610624
0,0.305178782,1.5,1.5,7,Clusterwise RFT,3,5.48314696
0.008,0.337862475,1.5,1.5,10,Clusterwise RFT,3,5.593242059
0.008,0.365100196,1.5,1.5,15,Clusterwise RFT,3,5.580559501
0.008,0.380392927,1.5,1.5,20,Clusterwise RFT,3,5.543802593
0.024,0.398986248,1.5,1.5,30,Clusterwise RFT,3,5.5343349
0.008,0.418797642,1.5,1.5,45,Clusterwise RFT,3,5.539676393
0.028,0.431072692,1.5,1.5,60,Clusterwise RFT,3,5.515243602
0,0,1.5,1.75,2,Clusterwise RFT,3,5.453886487
0,0.275795678,1.5,1.75,5,Clusterwise RFT,3,5.627711056
0.008,0.319740668,1.5,1.75,7,Clusterwise RFT,3,5.611728408
0,0.35324165,1.5,1.75,10,Clusterwise RFT,3,5.474511148
0,0.376495088,1.5,1.75,15,Clusterwise RFT,3,5.546560301
0.004,0.392416503,1.5,1.75,20,Clusterwise RFT,3,5.541745333
0.012,0.412251473,1.5,1.75,30,Clusterwise RFT,3,5.526321775
0.032,0.432825147,1.5,1.75,45,Clusterwise RFT,3,5.527070244
0.012,0.442876228,1.5,1.75,60,Clusterwise RFT,3,5.514021914
0,0,1.5,2,2,Clusterwise RFT,3,5.346132069
0,0.290051081,1.5,2,5,Clusterwise RFT,3,5.516502589
0,0.332998035,1.5,2,7,Clusterwise RFT,3,5.405671331
0.004,0.364495088,1.5,2,10,Clusterwise RFT,3,5.489989319
0.008,0.387748527,1.5,2,15,Clusterwise RFT,3,5.526847833
0.016,0.402742633,1.5,2,20,Clusterwise RFT,3,5.534838204
0.024,0.423339882,1.5,2,30,Clusterwise RFT,3,5.543572911
0.012,0.440903733,1.5,2,45,Clusterwise RFT,3,5.558953375
0.02,0.452557957,1.5,2,60,Clusterwise RFT,3,5.536312603
0,0,1.5,2.25,2,Clusterwise RFT,3,5.472124115
0,0.301453831,1.5,2.25,5,Clusterwise RFT,3,5.55987512
0.004,0.344707269,1.5,2.25,7,Clusterwise RFT,3,5.592384313
0.012,0.373139489,1.5,2.25,10,Clusterwise RFT,3,5.637624116
0,0.397280943,1.5,2.25,15,Clusterwise RFT,3,5.504906974
0,0.412023576,1.5,2.25,20,Clusterwise RFT,3,5.461479267
0.012,0.432502947,1.5,2.25,30,Clusterwise RFT,3,5.526257228
0.036,0.450333988,1.5,2.25,45,Clusterwise RFT,3,5.565480949
0.028,0.461485265,1.5,2.25,60,Clusterwise RFT,3,5.555119443
0,0,1.5,2.5,2,Clusterwise RFT,3,5.541900966
0,0.311654224,1.5,2.5,5,Clusterwise RFT,3,5.54835318
0.004,0.354255403,1.5,2.5,7,Clusterwise RFT,3,5.530723902
0.012,0.380966601,1.5,2.5,10,Clusterwise RFT,3,5.467023997
0.016,0.403787819,1.5,2.5,15,Clusterwise RFT,3,5.48469612
0.008,0.421972495,1.5,2.5,20,Clusterwise RFT,3,5.571978014
0.024,0.440699411,1.5,2.5,30,Clusterwise RFT,3,5.555234602
0.012,0.458263261,1.5,2.5,45,Clusterwise RFT,3,5.525702714
0.016,0.468927308,1.5,2.5,60,Clusterwise RFT,3,5.527104398
0,0.000102161,1.5,2.75,2,Clusterwise RFT,3,5.21782054
0,0.322742633,1.5,2.75,5,Clusterwise RFT,3,5.624942478
0,0.362003929,1.5,2.75,7,Clusterwise RFT,3,5.488934275
0.004,0.388463654,1.5,2.75,10,Clusterwise RFT,3,5.514242795
0,0.412117878,1.5,2.75,15,Clusterwise RFT,3,5.482364595
0.016,0.429909627,1.5,2.75,20,Clusterwise RFT,3,5.557521325
0.012,0.448267191,1.5,2.75,30,Clusterwise RFT,3,5.539336396
0.028,0.463984283,1.5,2.75,45,Clusterwise RFT,3,5.527506705
0.008,0.475685658,1.5,2.75,60,Clusterwise RFT,3,5.556482101
0,0.00011002,1.5,3,2,Clusterwise RFT,3,5.760093943
0,0.330852652,1.5,3,5,Clusterwise RFT,3,5.494923564
0.008,0.367732809,1.5,3,7,Clusterwise RFT,3,5.611597277
0.008,0.394546169,1.5,3,10,Clusterwise RFT,3,5.521054295
0.012,0.419166994,1.5,3,15,Clusterwise RFT,3,5.546343571
0.008,0.436872299,1.5,3,20,Clusterwise RFT,3,5.486065885
0.012,0.453956778,1.5,3,30,Clusterwise RFT,3,5.518738115
0.02,0.470459725,1.5,3,45,Clusterwise RFT,3,5.53629623
0.024,0.480133595,1.5,3,60,Clusterwise RFT,3,5.57144008
0,0,1.75,0,2,Clusterwise RFT,3,6.723882253
0,0,1.75,0,5,Clusterwise RFT,3,6.15062666
0,0,1.75,0,7,Clusterwise RFT,3,6.210269406
0.004,0,1.75,0,10,Clusterwise RFT,3,6.348810176
0.024,6.61E-06,1.75,0,15,Clusterwise RFT,3,6.326215842
0.036,1.98E-05,1.75,0,20,Clusterwise RFT,3,6.28789525
0.02,9.92E-05,1.75,0,30,Clusterwise RFT,3,6.225386633
0.024,0.000119008,1.75,0,45,Clusterwise RFT,3,6.261847082
0.044,0.000165289,1.75,0,60,Clusterwise RFT,3,6.298686806
0,0,1.75,0.1,2,Clusterwise RFT,3,6.366176819
0,0,1.75,0.1,5,Clusterwise RFT,3,6.233657764
0.012,0.000806612,1.75,0.1,7,Clusterwise RFT,3,6.203684164
0.016,0.003153719,1.75,0.1,10,Clusterwise RFT,3,6.236162516
0.016,0.010241322,1.75,0.1,15,Clusterwise RFT,3,6.358153262
0.032,0.020647934,1.75,0.1,20,Clusterwise RFT,3,6.318605537
0.016,0.057480992,1.75,0.1,30,Clusterwise RFT,3,6.254149744
0.012,0.097461157,1.75,0.1,45,Clusterwise RFT,3,6.339484282
0.028,0.129309091,1.75,0.1,60,Clusterwise RFT,3,6.271612864
0,0,1.75,0.25,2,Clusterwise RFT,3,6.308227816
0,0.005004959,1.75,0.25,5,Clusterwise RFT,3,6.270347912
0.008,0.029428099,1.75,0.25,7,Clusterwise RFT,3,6.264667523
0.02,0.085672727,1.75,0.25,10,Clusterwise RFT,3,6.285162255
0.016,0.148350413,1.75,0.25,15,Clusterwise RFT,3,6.31196141
0.028,0.175775207,1.75,0.25,20,Clusterwise RFT,3,6.264739692
0.024,0.208383471,1.75,0.25,30,Clusterwise RFT,3,6.26236638
0.024,0.235722314,1.75,0.25,45,Clusterwise RFT,3,6.254055753
0.032,0.250452893,1.75,0.25,60,Clusterwise RFT,3,6.272860105
0,0,1.75,0.5,2,Clusterwise RFT,3,6.236271169
0.004,0.073368595,1.75,0.5,5,Clusterwise RFT,3,6.159255296
0,0.155067769,1.75,0.5,7,Clusterwise RFT,3,6.179656065
0.012,0.201414876,1.75,0.5,10,Clusterwise RFT,3,6.21647491
0,0.237381818,1.75,0.5,15,Clusterwise RFT,3,6.192511841
0.016,0.256231405,1.75,0.5,20,Clusterwise RFT,3,6.283079914
0.024,0.281606612,1.75,0.5,30,Clusterwise RFT,3,6.255056814
0.032,0.304013223,1.75,0.5,45,Clusterwise RFT,3,6.284704031
0.028,0.317302479,1.75,0.5,60,Clusterwise RFT,3,6.327057085
0,0,1.75,0.75,2,Clusterwise RFT,3,6.60597948
0,0.145923967,1.75,0.75,5,Clusterwise RFT,3,6.417874851
0.008,0.209150413,1.75,0.75,7,Clusterwise RFT,3,6.274520276
0.012,0.248158678,1.75,0.75,10,Clusterwise RFT,3,6.297060281
0.008,0.277031405,1.75,0.75,15,Clusterwise RFT,3,6.263299812
0.012,0.297447934,1.75,0.75,20,Clusterwise RFT,3,6.311873679
0.02,0.318168595,1.75,0.75,30,Clusterwise RFT,3,6.324628996
0.036,0.336919008,1.75,0.75,45,Clusterwise RFT,3,6.30602835
0.028,0.350565289,1.75,0.75,60,Clusterwise RFT,3,6.275609475
0,0,1.75,1,2,Clusterwise RFT,3,6.080006727
0.004,0.189282645,1.75,1,5,Clusterwise RFT,3,6.184187511
0.004,0.241480992,1.75,1,7,Clusterwise RFT,3,6.195001663
0.016,0.276363636,1.75,1,10,Clusterwise RFT,3,6.384161926
0.02,0.306076033,1.75,1,15,Clusterwise RFT,3,6.282475712
0.004,0.321580165,1.75,1,20,Clusterwise RFT,3,6.327064843
0.024,0.342452893,1.75,1,30,Clusterwise RFT,3,6.278945178
0.012,0.361309091,1.75,1,45,Clusterwise RFT,3,6.260229794
0.016,0.375107438,1.75,1,60,Clusterwise RFT,3,6.297887015
0,0,1.75,1.25,2,Clusterwise RFT,3,6.3689131
0,0.219365289,1.75,1.25,5,Clusterwise RFT,3,6.395454019
0,0.263054545,1.75,1.25,7,Clusterwise RFT,3,6.427128444
0.02,0.297732231,1.75,1.25,10,Clusterwise RFT,3,6.32807369
0.004,0.324297521,1.75,1.25,15,Clusterwise RFT,3,6.224399651
0.004,0.341242975,1.75,1.25,20,Clusterwise RFT,3,6.251773319
0.008,0.361190083,1.75,1.25,30,Clusterwise RFT,3,6.298793015
0.016,0.379761983,1.75,1.25,45,Clusterwise RFT,3,6.271318016
0.04,0.392370248,1.75,1.25,60,Clusterwise RFT,3,6.261657188
0,0,1.75,1.5,2,Clusterwise RFT,3,6.234055178
0.008,0.236661157,1.75,1.5,5,Clusterwise RFT,3,6.293061081
0.004,0.282591736,1.75,1.5,7,Clusterwise RFT,3,6.198597214
0.012,0.315147107,1.75,1.5,10,Clusterwise RFT,3,6.462284906
0.012,0.340601653,1.75,1.5,15,Clusterwise RFT,3,6.275907834
0.02,0.355616529,1.75,1.5,20,Clusterwise RFT,3,6.300951704
0.032,0.376204959,1.75,1.5,30,Clusterwise RFT,3,6.364104855
0.044,0.394842975,1.75,1.5,45,Clusterwise RFT,3,6.215825705
0.02,0.406261157,1.75,1.5,60,Clusterwise RFT,3,6.32325027
0,0,1.75,1.75,2,Clusterwise RFT,3,6.177040046
0.004,0.255054545,1.75,1.75,5,Clusterwise RFT,3,6.186045049
0,0.297487603,1.75,1.75,7,Clusterwise RFT,3,6.162774551
0.004,0.326419835,1.75,1.75,10,Clusterwise RFT,3,6.173424305
0.016,0.351854545,1.75,1.75,15,Clusterwise RFT,3,6.32944283
0.004,0.369871074,1.75,1.75,20,Clusterwise RFT,3,6.216318602
0.02,0.389461157,1.75,1.75,30,Clusterwise RFT,3,6.29542967
0.008,0.406704132,1.75,1.75,45,Clusterwise RFT,3,6.31788926
0.012,0.415378512,1.75,1.75,60,Clusterwise RFT,3,6.313374455
0,0.000119008,1.75,2,2,Clusterwise RFT,3,6.065655392
0,0.26673719,1.75,2,5,Clusterwise RFT,3,6.095067441
0.008,0.310122314,1.75,2,7,Clusterwise RFT,3,6.323590815
0,0.337480992,1.75,2,10,Clusterwise RFT,3,6.363232955
0.028,0.36505124,1.75,2,15,Clusterwise RFT,3,6.300384316
0.024,0.379814876,1.75,2,20,Clusterwise RFT,3,6.268068612
0.02,0.399438017,1.75,2,30,Clusterwise RFT,3,6.264811973
0.024,0.414433058,1.75,2,45,Clusterwise RFT,3,6.340853617
0.028,0.425957025,1.75,2,60,Clusterwise RFT,3,6.259572969
0,0,1.75,2.25,2,Clusterwise RFT,3,6.172443578
0,0.281031405,1.75,2.25,5,Clusterwise RFT,3,6.399271834
0.008,0.319444628,1.75,2.25,7,Clusterwise RFT,3,6.318694033
0.016,0.347682645,1.75,2.25,10,Clusterwise RFT,3,6.241476644
0.02,0.373586777,1.75,2.25,15,Clusterwise RFT,3,6.185116116
0.012,0.390128926,1.75,2.25,20,Clusterwise RFT,3,6.339359588
0.036,0.406585124,1.75,2.25,30,Clusterwise RFT,3,6.274030321
0.008,0.422816529,1.75,2.25,45,Clusterwise RFT,3,6.276159426
0.032,0.434519008,1.75,2.25,60,Clusterwise RFT,3,6.336495301
0,0,1.75,2.5,2,Clusterwise RFT,3,6.091127108
0,0.289904132,1.75,2.5,5,Clusterwise RFT,3,6.286094224
0,0.328476033,1.75,2.5,7,Clusterwise RFT,3,6.317615851
0.004,0.356727273,1.75,2.5,10,Clusterwise RFT,3,6.39858099
0.02,0.383186777,1.75,2.5,15,Clusterwise RFT,3,6.348843464
0.028,0.396595041,1.75,2.5,20,Clusterwise RFT,3,6.264614594
0.008,0.41372562,1.75,2.5,30,Clusterwise RFT,3,6.288008377
0.024,0.430816529,1.75,2.5,45,Clusterwise RFT,3,6.271972552
0.036,0.444899174,1.75,2.5,60,Clusterwise RFT,3,6.284621239
0,0.000191736,1.75,2.75,2,Clusterwise RFT,3,6.584654033
0,0.298161983,1.75,2.75,5,Clusterwise RFT,3,6.045599884
0.004,0.337150413,1.75,2.75,7,Clusterwise RFT,3,6.445898478
0.016,0.365044628,1.75,2.75,10,Clusterwise RFT,3,6.161003604
0.008,0.390003306,1.75,2.75,15,Clusterwise RFT,3,6.239847884
0.008,0.4048,1.75,2.75,20,Clusterwise RFT,3,6.29643712
0.032,0.421408264,1.75,2.75,30,Clusterwise RFT,3,6.251670693
0.036,0.43886281,1.75,2.75,45,Clusterwise RFT,3,6.276787947
0.024,0.451735537,1.75,2.75,60,Clusterwise RFT,3,6.285371794
0,0.000323967,1.75,3,2,Clusterwise RFT,3,6.56020221
0,0.305130579,1.75,3,5,Clusterwise RFT,3,6.21300447
0.008,0.344132231,1.75,3,7,Clusterwise RFT,3,6.359325501
0.016,0.372661157,1.75,3,10,Clusterwise RFT,3,6.2822103
0.016,0.397196694,1.75,3,15,Clusterwise RFT,3,6.254806959
0.024,0.410115702,1.75,3,20,Clusterwise RFT,3,6.292918426
0.012,0.427609917,1.75,3,30,Clusterwise RFT,3,6.388177406
0.016,0.447530579,1.75,3,45,Clusterwise RFT,3,6.278382021
0.06,0.45898843,1.75,3,60,Clusterwise RFT,3,6.275122522
0,0,2,0,2,Clusterwise RFT,3,7.340486534
0,0,2,0,5,Clusterwise RFT,3,6.776681665
0.008,0,2,0,7,Clusterwise RFT,3,7.134559857
0.012,0,2,0,10,Clusterwise RFT,3,6.935134579
0.008,0.000252511,2,0,15,Clusterwise RFT,3,7.141943345
0.016,4.02E-05,2,0,20,Clusterwise RFT,3,6.925148194
0.032,0.0001033,2,0,30,Clusterwise RFT,3,7.087297588
0,0.000355811,2,0,45,Clusterwise RFT,3,7.071356654
0.016,2.30E-05,2,0,60,Clusterwise RFT,3,7.028151909
0,0,2,0.1,2,Clusterwise RFT,3,7.526863598
0.004,0.000241033,2,0.1,5,Clusterwise RFT,3,7.12416624
0,0.000355811,2,0.1,7,Clusterwise RFT,3,7.195627305
0.008,0.003695839,2,0.1,10,Clusterwise RFT,3,7.103686968
0.024,0.014760402,2,0.1,15,Clusterwise RFT,3,7.02336728
0.032,0.028648494,2,0.1,20,Clusterwise RFT,3,7.130649431
0.052,0.060585366,2,0.1,30,Clusterwise RFT,3,7.105115816
0.024,0.103799139,2,0.1,45,Clusterwise RFT,3,7.026846221
0.028,0.131724534,2,0.1,60,Clusterwise RFT,3,7.08407902
0,0,2,0.25,2,Clusterwise RFT,3,7.35459985
0,0.006347202,2,0.25,5,Clusterwise RFT,3,6.96540488
0,0.034743185,2,0.25,7,Clusterwise RFT,3,6.969132973
0.012,0.091575323,2,0.25,10,Clusterwise RFT,3,7.091498608
0.02,0.143494978,2,0.25,15,Clusterwise RFT,3,7.026515757
0.028,0.168637016,2,0.25,20,Clusterwise RFT,3,7.084796989
0.02,0.19687231,2,0.25,30,Clusterwise RFT,3,7.133348583
0.024,0.221670014,2,0.25,45,Clusterwise RFT,3,7.095956302
0.048,0.238065997,2,0.25,60,Clusterwise RFT,3,7.023248467
0,0,2,0.5,2,Clusterwise RFT,3,6.912436325
0,0.075994261,2,0.5,5,Clusterwise RFT,3,7.02022611
0.004,0.146771879,2,0.5,7,Clusterwise RFT,3,7.073147718
0.016,0.191644189,2,0.5,10,Clusterwise RFT,3,6.935300814
0.024,0.225549498,2,0.5,15,Clusterwise RFT,3,7.07533459
0.02,0.244367288,2,0.5,20,Clusterwise RFT,3,7.021230246
0.028,0.268814921,2,0.5,30,Clusterwise RFT,3,7.059848958
0.028,0.289606887,2,0.5,45,Clusterwise RFT,3,7.010298556
0.028,0.303472023,2,0.5,60,Clusterwise RFT,3,7.011472982
0,0,2,0.75,2,Clusterwise RFT,3,6.821879084
0.004,0.144183644,2,0.75,5,Clusterwise RFT,3,7.017547326
0.004,0.19804878,2,0.75,7,Clusterwise RFT,3,7.052273499
0.008,0.235856528,2,0.75,10,Clusterwise RFT,3,7.138649834
0.004,0.265262554,2,0.75,15,Clusterwise RFT,3,7.025039941
0.044,0.283345768,2,0.75,20,Clusterwise RFT,3,7.031625822
0.04,0.304229555,2,0.75,30,Clusterwise RFT,3,6.963300655
0.04,0.324878049,2,0.75,45,Clusterwise RFT,3,7.012782194
0.012,0.338680057,2,0.75,60,Clusterwise RFT,3,7.078955264
0,0,2,1,2,Clusterwise RFT,3,6.818472643
0.008,0.180172166,2,1,5,Clusterwise RFT,3,7.06340738
0.004,0.229406026,2,1,7,Clusterwise RFT,3,6.955326485
0.012,0.261325681,2,1,10,Clusterwise RFT,3,6.909793224
0.024,0.292057389,2,1,15,Clusterwise RFT,3,7.066809294
0.036,0.307098996,2,1,20,Clusterwise RFT,3,7.146658806
0.02,0.329268293,2,1,30,Clusterwise RFT,3,7.067029853
0.036,0.348436155,2,1,45,Clusterwise RFT,3,7.027051204
0.036,0.363328551,2,1,60,Clusterwise RFT,3,7.039455943
0,0.000137733,2,1.25,2,Clusterwise RFT,3,7.198242909
0,0.206398852,2,1.25,5,Clusterwise RFT,3,7.148022852
0.008,0.252688666,2,1.25,7,Clusterwise RFT,3,7.032790517
0.012,0.283713056,2,1.25,10,Clusterwise RFT,3,7.116569628
0.008,0.311144907,2,1.25,15,Clusterwise RFT,3,7.127502958
0.04,0.327311334,2,1.25,20,Clusterwise RFT,3,7.065174369
0.012,0.348895265,2,1.25,30,Clusterwise RFT,3,7.004640315
0.028,0.368177905,2,1.25,45,Clusterwise RFT,3,7.129629929
0.048,0.378783357,2,1.25,60,Clusterwise RFT,3,7.008777219
0,0,2,1.5,2,Clusterwise RFT,3,6.827953057
0,0.227133429,2,1.5,5,Clusterwise RFT,3,6.906767212
0.008,0.26876901,2,1.5,7,Clusterwise RFT,3,7.05465195
0.004,0.300384505,2,1.5,10,Clusterwise RFT,3,6.920372959
0.012,0.327053085,2,1.5,15,Clusterwise RFT,3,7.081380715
0.024,0.343902439,2,1.5,20,Clusterwise RFT,3,7.117089765
0.016,0.361859397,2,1.5,30,Clusterwise RFT,3,7.011755604
0.024,0.381319943,2,1.5,45,Clusterwise RFT,3,7.016008609
0.036,0.394157819,2,1.5,60,Clusterwise RFT,3,7.065566163
0,0.000137733,2,1.75,2,Clusterwise RFT,3,6.619225871
0,0.241107604,2,1.75,5,Clusterwise RFT,3,6.850812437
0,0.284441894,2,1.75,7,Clusterwise RFT,3,6.820184081
0,0.312883788,2,1.75,10,Clusterwise RFT,3,7.156443903
0.024,0.340418938,2,1.75,15,Clusterwise RFT,3,7.098696971
0.012,0.356022956,2,1.75,20,Clusterwise RFT,3,7.064416808
0.02,0.374880918,2,1.75,30,Clusterwise RFT,3,7.006290131
0.028,0.393870875,2,1.75,45,Clusterwise RFT,3,7.002299011
0.048,0.4078967,2,1.75,60,Clusterwise RFT,3,7.132184
0,0,2,2,2,Clusterwise RFT,3,7.340818228
0,0.255047346,2,2,5,Clusterwise RFT,3,7.204396455
0,0.293756098,2,2,7,Clusterwise RFT,3,7.118064308
0.016,0.325394548,2,2,10,Clusterwise RFT,3,7.039318972
0.016,0.350639885,2,2,15,Clusterwise RFT,3,6.993603866
0.028,0.364585366,2,2,20,Clusterwise RFT,3,7.058029524
0.032,0.385956958,2,2,30,Clusterwise RFT,3,7.074290009
0.032,0.404378766,2,2,45,Clusterwise RFT,3,7.057794507
0.028,0.418129125,2,2,60,Clusterwise RFT,3,7.089342856
0,9.76E-05,2,2.25,2,Clusterwise RFT,3,7.568579824
0.004,0.267770445,2,2.25,5,Clusterwise RFT,3,6.952044147
0.008,0.305153515,2,2.25,7,Clusterwise RFT,3,6.958012795
0.02,0.335414634,2,2.25,10,Clusterwise RFT,3,7.037340724
0.02,0.359678623,2,2.25,15,Clusterwise RFT,3,7.186036036
0.024,0.375133429,2,2.25,20,Clusterwise RFT,3,7.213469108
0.032,0.395799139,2,2.25,30,Clusterwise RFT,3,7.11884093
0.032,0.414582496,2,2.25,45,Clusterwise RFT,3,7.094161849
0.032,0.425371593,2,2.25,60,Clusterwise RFT,3,7.005715723
0,0.000424677,2,2.5,2,Clusterwise RFT,3,7.495406199
0,0.27645911,2,2.5,5,Clusterwise RFT,3,6.929978696
0.012,0.314215208,2,2.5,7,Clusterwise RFT,3,7.227874869
0.024,0.345136298,2,2.5,10,Clusterwise RFT,3,7.037642099
0.02,0.368315638,2,2.5,15,Clusterwise RFT,3,7.07701491
0.012,0.383850789,2,2.5,20,Clusterwise RFT,3,6.999650456
0.02,0.404935438,2,2.5,30,Clusterwise RFT,3,7.074788441
0.04,0.422605452,2,2.5,45,Clusterwise RFT,3,7.119037686
0.04,0.432992826,2,2.5,60,Clusterwise RFT,3,7.044108406
0,0.000281205,2,2.75,2,Clusterwise RFT,3,7.359968118
0,0.283208034,2,2.75,5,Clusterwise RFT,3,6.698772985
0.008,0.322875179,2,2.75,7,Clusterwise RFT,3,6.886784082
0.004,0.350903874,2,2.75,10,Clusterwise RFT,3,6.991669379
0.032,0.376659971,2,2.75,15,Clusterwise RFT,3,7.186673074
0.016,0.390352941,2,2.75,20,Clusterwise RFT,3,7.073339842
0.028,0.411776184,2,2.75,30,Clusterwise RFT,3,7.082509869
0.04,0.428935438,2,2.75,45,Clusterwise RFT,3,7.048923728
0.036,0.439672884,2,2.75,60,Clusterwise RFT,3,7.080923566
0,0.000895265,2,3,2,Clusterwise RFT,3,6.864904452
0.004,0.292648494,2,3,5,Clusterwise RFT,3,7.154108822
0,0.331850789,2,3,7,Clusterwise RFT,3,6.943668517
0.02,0.358725968,2,3,10,Clusterwise RFT,3,7.037010114
0.028,0.381991392,2,3,15,Clusterwise RFT,3,7.149990063
0.012,0.398599713,2,3,20,Clusterwise RFT,3,7.0580651
0.02,0.419529412,2,3,30,Clusterwise RFT,3,7.088741688
0.036,0.433624103,2,3,45,Clusterwise RFT,3,7.110217877
0.064,0.444568149,2,3,60,Clusterwise RFT,3,7.047655012
0,0,2.25,0,2,Clusterwise RFT,3,8.104378341
0,0.00011985,2.25,0,5,Clusterwise RFT,3,7.672181776
0.008,0.000224719,2.25,0,7,Clusterwise RFT,3,7.608169188
0.008,0.000104869,2.25,0,10,Clusterwise RFT,3,7.741430003
0.004,0,2.25,0,15,Clusterwise RFT,3,7.695225609
0.032,0.000214732,2.25,0,20,Clusterwise RFT,3,7.864173624
0.024,2.50E-05,2.25,0,30,Clusterwise RFT,3,7.740533488
0.024,0.000249688,2.25,0,45,Clusterwise RFT,3,7.82168178
0.02,9.99E-05,2.25,0,60,Clusterwise RFT,3,7.899664945
0,0,2.25,0.1,2,Clusterwise RFT,3,7.619285817
0,0,2.25,0.1,5,Clusterwise RFT,3,7.645521587
0.016,0.001343321,2.25,0.1,7,Clusterwise RFT,3,7.971918783
0.016,0.003755306,2.25,0.1,10,Clusterwise RFT,3,7.708837467
0.016,0.016853933,2.25,0.1,15,Clusterwise RFT,3,7.789892074
0.02,0.029937578,2.25,0.1,20,Clusterwise RFT,3,7.898392705
0.012,0.070516854,2.25,0.1,30,Clusterwise RFT,3,7.895566227
0.012,0.101133583,2.25,0.1,45,Clusterwise RFT,3,7.871855365
0.02,0.122072409,2.25,0.1,60,Clusterwise RFT,3,7.837654252
0,0,2.25,0.25,2,Clusterwise RFT,3,7.429804773
0.004,0.00827965,2.25,0.25,5,Clusterwise RFT,3,8.007747677
0.016,0.04259176,2.25,0.25,7,Clusterwise RFT,3,7.774506114
0.012,0.09294382,2.25,0.25,10,Clusterwise RFT,3,7.948029179
0.02,0.132599251,2.25,0.25,15,Clusterwise RFT,3,7.909921301
0.008,0.156938826,2.25,0.25,20,Clusterwise RFT,3,7.824754484
0.008,0.187091136,2.25,0.25,30,Clusterwise RFT,3,7.816176659
0.028,0.208094881,2.25,0.25,45,Clusterwise RFT,3,7.878019307
0.028,0.227410737,2.25,0.25,60,Clusterwise RFT,3,7.80793916
0,0,2.25,0.5,2,Clusterwise RFT,3,7.948428126
0,0.08271161,2.25,0.5,5,Clusterwise RFT,3,7.86454448
0.008,0.139390762,2.25,0.5,7,Clusterwise RFT,3,7.882088006
0.016,0.180684145,2.25,0.5,10,Clusterwise RFT,3,7.921103959
0.02,0.212794007,2.25,0.5,15,Clusterwise RFT,3,7.678402923
0.02,0.230901373,2.25,0.5,20,Clusterwise RFT,3,7.961585247
0.012,0.255285893,2.25,0.5,30,Clusterwise RFT,3,7.796158598
0.036,0.276689139,2.25,0.5,45,Clusterwise RFT,3,7.824820644
0.056,0.289168539,2.25,0.5,60,Clusterwise RFT,3,7.842008111
0,0,2.25,0.75,2,Clusterwise RFT,3,7.917914334
0.008,0.135590512,2.25,0.75,5,Clusterwise RFT,3,7.823133487
0.008,0.188489388,2.25,0.75,7,Clusterwise RFT,3,7.930767419
0.004,0.22144819,2.25,0.75,10,Clusterwise RFT,3,7.771292638
0,0.252229713,2.25,0.75,15,Clusterwise RFT,3,7.798276679
0.012,0.270127341,2.25,0.75,20,Clusterwise RFT,3,7.854100937
0.028,0.292149813,2.25,0.75,30,Clusterwise RFT,3,7.801286265
0.024,0.31129588,2.25,0.75,45,Clusterwise RFT,3,7.895686504
0.036,0.323660424,2.25,0.75,60,Clusterwise RFT,3,7.854398987
0,0,2.25,1,2,Clusterwise RFT,3,7.028018438
0,0.169183521,2.25,1,5,Clusterwise RFT,3,7.849958197
0.004,0.216404494,2.25,1,7,Clusterwise RFT,3,7.939390359
0.024,0.24910362,2.25,1,10,Clusterwise RFT,3,7.749780624
0.008,0.276414482,2.25,1,15,Clusterwise RFT,3,7.894987412
0.032,0.295790262,2.25,1,20,Clusterwise RFT,3,7.813988187
0.028,0.316594257,2.25,1,30,Clusterwise RFT,3,7.745974304
0.02,0.334796504,2.25,1,45,Clusterwise RFT,3,7.842468204
0.012,0.348539326,2.25,1,60,Clusterwise RFT,3,7.899660968
0,0,2.25,1.25,2,Clusterwise RFT,3,8.016797336
0,0.194017478,2.25,1.25,5,Clusterwise RFT,3,7.634954029
0.016,0.237637953,2.25,1.25,7,Clusterwise RFT,3,7.833517527
0.004,0.268774032,2.25,1.25,10,Clusterwise RFT,3,7.951240078
0.016,0.298571785,2.25,1.25,15,Clusterwise RFT,3,7.782432666
0.028,0.314262172,2.25,1.25,20,Clusterwise RFT,3,7.788922969
0.02,0.335041199,2.25,1.25,30,Clusterwise RFT,3,7.947562511
0.028,0.355600499,2.25,1.25,45,Clusterwise RFT,3,7.885805463
0.04,0.367405743,2.25,1.25,60,Clusterwise RFT,3,7.77205544
0,0,2.25,1.5,2,Clusterwise RFT,3,7.979107201
0,0.21298377,2.25,1.5,5,Clusterwise RFT,3,7.687588165
0,0.254626717,2.25,1.5,7,Clusterwise RFT,3,7.897947158
0.012,0.286991261,2.25,1.5,10,Clusterwise RFT,3,7.88877216
0.028,0.313433208,2.25,1.5,15,Clusterwise RFT,3,7.810493333
0.024,0.327780275,2.25,1.5,20,Clusterwise RFT,3,7.765182098
0.048,0.350002497,2.25,1.5,30,Clusterwise RFT,3,7.851217483
0.032,0.371101124,2.25,1.5,45,Clusterwise RFT,3,7.820379726
0.048,0.380724095,2.25,1.5,60,Clusterwise RFT,3,7.766077916
0,0,2.25,1.75,2,Clusterwise RFT,3,7.624115497
0,0.228449438,2.25,1.75,5,Clusterwise RFT,3,7.836518107
0.004,0.271220974,2.25,1.75,7,Clusterwise RFT,3,7.806904235
0.012,0.300923845,2.25,1.75,10,Clusterwise RFT,3,7.893428986
0.024,0.327555556,2.25,1.75,15,Clusterwise RFT,3,7.927428237
0.036,0.342676654,2.25,1.75,20,Clusterwise RFT,3,7.888405242
0.024,0.362766542,2.25,1.75,30,Clusterwise RFT,3,7.797571675
0.012,0.38050437,2.25,1.75,45,Clusterwise RFT,3,7.82086314
0.036,0.392923845,2.25,1.75,60,Clusterwise RFT,3,7.878567714
0,0,2.25,2,2,Clusterwise RFT,3,7.729846577
0.004,0.244174782,2.25,2,5,Clusterwise RFT,3,8.237403389
0.008,0.281518102,2.25,2,7,Clusterwise RFT,3,7.925212972
0.016,0.3120799,2.25,2,10,Clusterwise RFT,3,7.956311654
0.016,0.33690387,2.25,2,15,Clusterwise RFT,3,7.841758151
0.016,0.354292135,2.25,2,20,Clusterwise RFT,3,7.818325174
0.04,0.374406991,2.25,2,30,Clusterwise RFT,3,7.828383634
0.028,0.391305868,2.25,2,45,Clusterwise RFT,3,7.896041979
0.016,0.402666667,2.25,2,60,Clusterwise RFT,3,7.824108925
0,0,2.25,2.25,2,Clusterwise RFT,3,7.738265511
0,0.254377029,2.25,2.25,5,Clusterwise RFT,3,7.974173983
0.012,0.292364544,2.25,2.25,7,Clusterwise RFT,3,7.864280324
0.008,0.320699126,2.25,2.25,10,Clusterwise RFT,3,7.715834617
0.032,0.345667915,2.25,2.25,15,Clusterwise RFT,3,7.922134929
0.028,0.363445693,2.25,2.25,20,Clusterwise RFT,3,7.879006291
0.004,0.382022472,2.25,2.25,30,Clusterwise RFT,3,7.723965415
0.032,0.400049938,2.25,2.25,45,Clusterwise RFT,3,7.863739442
0.06,0.412384519,2.25,2.25,60,Clusterwise RFT,3,7.910255297
0,0,2.25,2.5,2,Clusterwise RFT,3,7.604939376
0.004,0.262466916,2.25,2.5,5,Clusterwise RFT,3,8.167611957
0,0.301503121,2.25,2.5,7,Clusterwise RFT,3,7.819429241
0.012,0.329313358,2.25,2.5,10,Clusterwise RFT,3,7.949684099
0.008,0.356134831,2.25,2.5,15,Clusterwise RFT,3,7.893286888
0.044,0.371855181,2.25,2.5,20,Clusterwise RFT,3,7.748555829
0.004,0.389433208,2.25,2.5,30,Clusterwise RFT,3,7.907021643
0.024,0.4077603,2.25,2.5,45,Clusterwise RFT,3,7.843016996
0.024,0.421108614,2.25,2.5,60,Clusterwise RFT,3,7.817015251
0,0.000754057,2.25,2.75,2,Clusterwise RFT,3,7.87233221
0,0.271280899,2.25,2.75,5,Clusterwise RFT,3,7.763685021
0,0.309777778,2.25,2.75,7,Clusterwise RFT,3,7.701983972
0.016,0.337553059,2.25,2.75,10,Clusterwise RFT,3,7.776706325
0.008,0.363141074,2.25,2.75,15,Clusterwise RFT,3,7.899149204
0.024,0.378147316,2.25,2.75,20,Clusterwise RFT,3,7.846355697
0.036,0.39728839,2.25,2.75,30,Clusterwise RFT,3,7.902570282
0.032,0.41698377,2.25,2.75,45,Clusterwise RFT,3,7.874068747
0.016,0.428769039,2.25,2.75,60,Clusterwise RFT,3,7.797059551
0,0.000749064,2.25,3,2,Clusterwise RFT,3,7.921473356
0,0.279940075,2.25,3,5,Clusterwise RFT,3,8.174669317
0.008,0.316948814,2.25,3,7,Clusterwise RFT,3,7.932449284
0.008,0.346436954,2.25,3,10,Clusterwise RFT,3,7.947078229
0.032,0.371001248,2.25,3,15,Clusterwise RFT,3,7.916008097
0.032,0.3843196,2.25,3,20,Clusterwise RFT,3,7.864286024
0.024,0.40380025,2.25,3,30,Clusterwise RFT,3,7.952325725
0.016,0.422322097,2.25,3,45,Clusterwise RFT,3,7.892525328
0.068,0.436179775,2.25,3,60,Clusterwise RFT,3,7.824058406
0,0,2.5,0,2,Clusterwise RFT,3,9.017267031
0.008,3.94E-05,2.5,0,5,Clusterwise RFT,3,8.722443166
0.012,0.000131435,2.5,0,7,Clusterwise RFT,3,8.41279931
0.008,0,2.5,0,10,Clusterwise RFT,3,8.696011997
0.032,0.000328587,2.5,0,15,Clusterwise RFT,3,8.769728247
0.02,8.76E-06,2.5,0,20,Clusterwise RFT,3,8.688844449
0.028,0.000148959,2.5,0,30,Clusterwise RFT,3,8.682248267
0.02,0.000499452,2.5,0,45,Clusterwise RFT,3,8.657733779
0.032,0.000249726,2.5,0,60,Clusterwise RFT,3,8.653657354
0,0,2.5,0.1,2,Clusterwise RFT,3,8.848223498
0,0,2.5,0.1,5,Clusterwise RFT,3,8.381866824
0.008,0.001038335,2.5,0.1,7,Clusterwise RFT,3,8.732756231
0.024,0.005309967,2.5,0.1,10,Clusterwise RFT,3,8.551993619
0.028,0.017813801,2.5,0.1,15,Clusterwise RFT,3,8.586797764
0.028,0.037261774,2.5,0.1,20,Clusterwise RFT,3,8.436551312
0.012,0.067991238,2.5,0.1,30,Clusterwise RFT,3,8.67557472
0.04,0.099662651,2.5,0.1,45,Clusterwise RFT,3,8.826290705
0.052,0.119802848,2.5,0.1,60,Clusterwise RFT,3,8.730556862
0,0,2.5,0.25,2,Clusterwise RFT,3,8.683598213
0.008,0.01154874,2.5,0.25,5,Clusterwise RFT,3,8.845655436
0.02,0.042707558,2.5,0.25,7,Clusterwise RFT,3,8.963393577
0.012,0.09045345,2.5,0.25,10,Clusterwise RFT,3,8.490309276
0.02,0.127202629,2.5,0.25,15,Clusterwise RFT,3,8.81430809
0.024,0.150532311,2.5,0.25,20,Clusterwise RFT,3,8.649419936
0.032,0.177450164,2.5,0.25,30,Clusterwise RFT,3,8.676578386
0.032,0.198834611,2.5,0.25,45,Clusterwise RFT,3,8.638209418
0.02,0.216600219,2.5,0.25,60,Clusterwise RFT,3,8.643271085
0,0,2.5,0.5,2,Clusterwise RFT,3,8.157974436
0,0.078598028,2.5,0.5,5,Clusterwise RFT,3,8.330466335
0.004,0.132433735,2.5,0.5,7,Clusterwise RFT,3,8.754341167
0.012,0.174146769,2.5,0.5,10,Clusterwise RFT,3,8.635481407
0.028,0.20245345,2.5,0.5,15,Clusterwise RFT,3,8.677044578
0.032,0.220714129,2.5,0.5,20,Clusterwise RFT,3,8.598993347
0.028,0.242957284,2.5,0.5,30,Clusterwise RFT,3,8.625595414
0.024,0.263605696,2.5,0.5,45,Clusterwise RFT,3,8.623861652
0.032,0.278006572,2.5,0.5,60,Clusterwise RFT,3,8.628696027
0,0,2.5,0.75,2,Clusterwise RFT,3,8.668704711
0,0.129047097,2.5,0.75,5,Clusterwise RFT,3,8.761253789
0.012,0.18003943,2.5,0.75,7,Clusterwise RFT,3,8.822182408
0.008,0.213182913,2.5,0.75,10,Clusterwise RFT,3,8.565536108
0.008,0.239290252,2.5,0.75,15,Clusterwise RFT,3,8.575105654
0.012,0.258230011,2.5,0.75,20,Clusterwise RFT,3,8.673643099
0.016,0.280122673,2.5,0.75,30,Clusterwise RFT,3,8.711130156
0.036,0.300350493,2.5,0.75,45,Clusterwise RFT,3,8.725769746
0.012,0.313086528,2.5,0.75,60,Clusterwise RFT,3,8.648831863
0,0,2.5,1,2,Clusterwise RFT,3,9.855000233
0.008,0.165147864,2.5,1,5,Clusterwise RFT,3,8.314038285
0.012,0.207706462,2.5,1,7,Clusterwise RFT,3,8.586115018
0.004,0.240083242,2.5,1,10,Clusterwise RFT,3,8.466599809
0.016,0.266186199,2.5,1,15,Clusterwise RFT,3,8.715612509
0.016,0.283982475,2.5,1,20,Clusterwise RFT,3,8.597278726
0.012,0.303916758,2.5,1,30,Clusterwise RFT,3,8.684427834
0.024,0.323978094,2.5,1,45,Clusterwise RFT,3,8.674707669
0.012,0.338124863,2.5,1,60,Clusterwise RFT,3,8.552352197
0,0.000100767,2.5,1.25,2,Clusterwise RFT,3,8.871809618
0,0.183176342,2.5,1.25,5,Clusterwise RFT,3,8.706340132
0.016,0.228017525,2.5,1.25,7,Clusterwise RFT,3,8.878774805
0.012,0.257559693,2.5,1.25,10,Clusterwise RFT,3,8.467757687
0.028,0.288083242,2.5,1.25,15,Clusterwise RFT,3,8.398303658
0.032,0.303763417,2.5,1.25,20,Clusterwise RFT,3,8.722198414
0.024,0.324219058,2.5,1.25,30,Clusterwise RFT,3,8.601607279
0.032,0.343978094,2.5,1.25,45,Clusterwise RFT,3,8.485431594
0.024,0.354282585,2.5,1.25,60,Clusterwise RFT,3,8.683082713
0,0,2.5,1.5,2,Clusterwise RFT,3,8.531259949
0,0.204157722,2.5,1.5,5,Clusterwise RFT,3,8.586438634
0.004,0.244933187,2.5,1.5,7,Clusterwise RFT,3,8.50593017
0.012,0.274729463,2.5,1.5,10,Clusterwise RFT,3,8.847460118
0.024,0.302633078,2.5,1.5,15,Clusterwise RFT,3,8.63304974
0.028,0.318374589,2.5,1.5,20,Clusterwise RFT,3,8.628738942
0.028,0.338510405,2.5,1.5,30,Clusterwise RFT,3,8.649764639
0.02,0.357305586,2.5,1.5,45,Clusterwise RFT,3,8.650766654
0.02,0.370523549,2.5,1.5,60,Clusterwise RFT,3,8.606041415
0,0.000359255,2.5,1.75,2,Clusterwise RFT,3,8.252181486
0,0.217691128,2.5,1.75,5,Clusterwise RFT,3,8.702040946
0.004,0.260534502,2.5,1.75,7,Clusterwise RFT,3,8.656663765
0.02,0.288587076,2.5,1.75,10,Clusterwise RFT,3,8.678943676
0.024,0.314799562,2.5,1.75,15,Clusterwise RFT,3,8.821731987
0.028,0.332135816,2.5,1.75,20,Clusterwise RFT,3,8.488346634
0.036,0.350173056,2.5,1.75,30,Clusterwise RFT,3,8.537688044
0.024,0.370970427,2.5,1.75,45,Clusterwise RFT,3,8.660009652
0.036,0.383750274,2.5,1.75,60,Clusterwise RFT,3,8.68197059
0,0.000420591,2.5,2,2,Clusterwise RFT,3,9.178560538
0,0.23033954,2.5,2,5,Clusterwise RFT,3,8.347844985
0.004,0.271452355,2.5,2,7,Clusterwise RFT,3,8.440517555
0.016,0.300736035,2.5,2,10,Clusterwise RFT,3,8.613445432
0.024,0.325818182,2.5,2,15,Clusterwise RFT,3,8.816183059
0.02,0.340722892,2.5,2,20,Clusterwise RFT,3,8.566219453
0.032,0.362098576,2.5,2,30,Clusterwise RFT,3,8.713103901
0.028,0.381257393,2.5,2,45,Clusterwise RFT,3,8.708445235
0.04,0.394019715,2.5,2,60,Clusterwise RFT,3,8.641816127
0,0.000293538,2.5,2.25,2,Clusterwise RFT,3,8.806936582
0,0.242348302,2.5,2.25,5,Clusterwise RFT,3,8.691663309
0.008,0.281401972,2.5,2.25,7,Clusterwise RFT,3,8.327883278
0.012,0.309371303,2.5,2.25,10,Clusterwise RFT,3,8.576468686
0.016,0.335518072,2.5,2.25,15,Clusterwise RFT,3,8.651822597
0.024,0.351763417,2.5,2.25,20,Clusterwise RFT,3,8.694991983
0.032,0.372056955,2.5,2.25,30,Clusterwise RFT,3,8.546855303
0.032,0.390834611,2.5,2.25,45,Clusterwise RFT,3,8.557641073
0.024,0.40184885,2.5,2.25,60,Clusterwise RFT,3,8.644696711
0,0.000503834,2.5,2.5,2,Clusterwise RFT,3,7.985277955
0.004,0.252192771,2.5,2.5,5,Clusterwise RFT,3,8.598998629
0.016,0.290330778,2.5,2.5,7,Clusterwise RFT,3,8.769645832
0.024,0.319579409,2.5,2.5,10,Clusterwise RFT,3,8.707536337
0.032,0.344836802,2.5,2.5,15,Clusterwise RFT,3,8.476469336
0.028,0.361125958,2.5,2.5,20,Clusterwise RFT,3,8.56419101
0.04,0.381143483,2.5,2.5,30,Clusterwise RFT,3,8.594857913
0.024,0.397607886,2.5,2.5,45,Clusterwise RFT,3,8.633955434
0.044,0.410633078,2.5,2.5,60,Clusterwise RFT,3,8.602535247
0,0.000665936,2.5,2.75,2,Clusterwise RFT,3,8.301663113
0.004,0.260915663,2.5,2.75,5,Clusterwise RFT,3,8.736572071
0.02,0.2987908,2.5,2.75,7,Clusterwise RFT,3,8.853103975
0.004,0.327285871,2.5,2.75,10,Clusterwise RFT,3,8.606419435
0.008,0.351128149,2.5,2.75,15,Clusterwise RFT,3,8.664119352
0.052,0.368841183,2.5,2.75,20,Clusterwise RFT,3,8.694951023
0.028,0.388705367,2.5,2.75,30,Clusterwise RFT,3,8.701102847
0.02,0.404705367,2.5,2.75,45,Clusterwise RFT,3,8.751492097
0.032,0.416052574,2.5,2.75,60,Clusterwise RFT,3,8.630393852
0,0.001025192,2.5,3,2,Clusterwise RFT,3,7.900823949
0,0.267798467,2.5,3,5,Clusterwise RFT,3,9.079478892
0.02,0.304814896,2.5,3,7,Clusterwise RFT,3,9.002359711
0.016,0.335119387,2.5,3,10,Clusterwise RFT,3,8.473397082
0.028,0.359399781,2.5,3,15,Clusterwise RFT,3,8.768171637
0.028,0.374330778,2.5,3,20,Clusterwise RFT,3,8.594467954
0.04,0.394199343,2.5,3,30,Clusterwise RFT,3,8.666702805
0.04,0.411180723,2.5,3,45,Clusterwise RFT,3,8.637663343
0.028,0.422606791,2.5,3,60,Clusterwise RFT,3,8.616556512
0,0,2.75,0,2,Clusterwise RFT,3,9.325508387
0.008,0,2.75,0,5,Clusterwise RFT,3,9.707113574
0.012,0,2.75,0,7,Clusterwise RFT,3,9.707889442
0.008,8.07E-05,2.75,0,10,Clusterwise RFT,3,9.35634432
0.016,0.000299712,2.75,0,15,Clusterwise RFT,3,9.327270673
0.024,0.000180596,2.75,0,20,Clusterwise RFT,3,9.502727777
0.02,0.000257445,2.75,0,30,Clusterwise RFT,3,9.709688559
0.02,0.000480307,2.75,0,45,Clusterwise RFT,3,9.431734075
0.036,0.000403458,2.75,0,60,Clusterwise RFT,3,9.367895023
0,0,2.75,0.1,2,Clusterwise RFT,3,9.253489768
0,0.000560999,2.75,0.1,5,Clusterwise RFT,3,9.91666728
0,0.001014409,2.75,0.1,7,Clusterwise RFT,3,9.499265868
0.016,0.006539866,2.75,0.1,10,Clusterwise RFT,3,9.488956034
0.02,0.018159462,2.75,0.1,15,Clusterwise RFT,3,9.228965946
0.02,0.032637848,2.75,0.1,20,Clusterwise RFT,3,9.342615631
0.044,0.065060519,2.75,0.1,30,Clusterwise RFT,3,9.429190722
0.036,0.095216138,2.75,0.1,45,Clusterwise RFT,3,9.432030681
0.04,0.110774256,2.75,0.1,60,Clusterwise RFT,3,9.420867664
0,0,2.75,0.25,2,Clusterwise RFT,3,9.326602394
0.004,0.012584054,2.75,0.25,5,Clusterwise RFT,3,9.224474742
0,0.042682037,2.75,0.25,7,Clusterwise RFT,3,9.250268968
0.016,0.087827089,2.75,0.25,10,Clusterwise RFT,3,9.377772559
0.016,0.119200768,2.75,0.25,15,Clusterwise RFT,3,9.687888464
0.036,0.140845341,2.75,0.25,20,Clusterwise RFT,3,9.338871139
0.032,0.168710855,2.75,0.25,30,Clusterwise RFT,3,9.40869244
0.024,0.188161383,2.75,0.25,45,Clusterwise RFT,3,9.615115158
0.02,0.205191162,2.75,0.25,60,Clusterwise RFT,3,9.366607651
0,0,2.75,0.5,2,Clusterwise RFT,3,9.438271932
0,0.075392891,2.75,0.5,5,Clusterwise RFT,3,9.441128538
0.016,0.127415946,2.75,0.5,7,Clusterwise RFT,3,9.410003947
0.024,0.162616715,2.75,0.5,10,Clusterwise RFT,3,9.434278825
0.028,0.190974063,2.75,0.5,15,Clusterwise RFT,3,9.452326165
0.036,0.210893372,2.75,0.5,20,Clusterwise RFT,3,9.411136183
0.032,0.232080692,2.75,0.5,30,Clusterwise RFT,3,9.488072964
0.04,0.253225744,2.75,0.5,45,Clusterwise RFT,3,9.485690515
0.032,0.268568684,2.75,0.5,60,Clusterwise RFT,3,9.52009239
0,0,2.75,0.75,2,Clusterwise RFT,3,9.204161583
0.004,0.122885687,2.75,0.75,5,Clusterwise RFT,3,9.245139639
0.008,0.168299712,2.75,0.75,7,Clusterwise RFT,3,9.092396617
0.024,0.201548511,2.75,0.75,10,Clusterwise RFT,3,9.655880029
0.028,0.229740634,2.75,0.75,15,Clusterwise RFT,3,9.346802008
0.028,0.246336215,2.75,0.75,20,Clusterwise RFT,3,9.303726206
0.02,0.268787704,2.75,0.75,30,Clusterwise RFT,3,9.397351619
0.008,0.288272815,2.75,0.75,45,Clusterwise RFT,3,9.527185347
0.052,0.301975024,2.75,0.75,60,Clusterwise RFT,3,9.347666345
0,0,2.75,1,2,Clusterwise RFT,3,10.03978045
0,0.152910663,2.75,1,5,Clusterwise RFT,3,9.181702458
0.012,0.196737752,2.75,1,7,Clusterwise RFT,3,9.552360698
0.02,0.227853987,2.75,1,10,Clusterwise RFT,3,9.374084992
0.02,0.254555235,2.75,1,15,Clusterwise RFT,3,9.372563813
0.04,0.271258405,2.75,1,20,Clusterwise RFT,3,9.440239734
0.024,0.294178674,2.75,1,30,Clusterwise RFT,3,9.424732019
0.032,0.312945245,2.75,1,45,Clusterwise RFT,3,9.518122747
0.044,0.325045149,2.75,1,60,Clusterwise RFT,3,9.450798645
0,0,2.75,1.25,2,Clusterwise RFT,3,9.286292214
0.004,0.173110471,2.75,1.25,5,Clusterwise RFT,3,9.384473474
0.004,0.216607109,2.75,1.25,7,Clusterwise RFT,3,9.377425403
0.004,0.246378482,2.75,1.25,10,Clusterwise RFT,3,9.458119125
0.044,0.274739673,2.75,1.25,15,Clusterwise RFT,3,9.588375956
0.028,0.290970221,2.75,1.25,20,Clusterwise RFT,3,9.354299039
0.044,0.312245917,2.75,1.25,30,Clusterwise RFT,3,9.558026398
0.02,0.330785783,2.75,1.25,45,Clusterwise RFT,3,9.549386656
0.032,0.344741595,2.75,1.25,60,Clusterwise RFT,3,9.515191747
0,0,2.75,1.5,2,Clusterwise RFT,3,9.304269561
0,0.193360231,2.75,1.5,5,Clusterwise RFT,3,9.90810715
0.008,0.233986551,2.75,1.5,7,Clusterwise RFT,3,9.091281586
0.024,0.264572526,2.75,1.5,10,Clusterwise RFT,3,9.181665694
0.024,0.291108549,2.75,1.5,15,Clusterwise RFT,3,9.350160925
0.008,0.305360231,2.75,1.5,20,Clusterwise RFT,3,9.474252384
0.028,0.326997118,2.75,1.5,30,Clusterwise RFT,3,9.505105439
0.016,0.343792507,2.75,1.5,45,Clusterwise RFT,3,9.402028246
0.044,0.358113353,2.75,1.5,60,Clusterwise RFT,3,9.48688173
0,0,2.75,1.75,2,Clusterwise RFT,3,8.772045506
0.004,0.208883766,2.75,1.75,5,Clusterwise RFT,3,9.384167034
0.016,0.248895293,2.75,1.75,7,Clusterwise RFT,3,9.505406865
0.016,0.278539866,2.75,1.75,10,Clusterwise RFT,3,9.329028496
0.02,0.303219981,2.75,1.75,15,Clusterwise RFT,3,9.633797647
0.032,0.319131604,2.75,1.75,20,Clusterwise RFT,3,9.563186061
0.028,0.337917387,2.75,1.75,30,Clusterwise RFT,3,9.591106042
0.044,0.356929875,2.75,1.75,45,Clusterwise RFT,3,9.557188046
0.04,0.370689721,2.75,1.75,60,Clusterwise RFT,3,9.541130834
0,0.00020365,2.75,2,2,Clusterwise RFT,3,9.279612316
0.004,0.222297791,2.75,2,5,Clusterwise RFT,3,9.835661159
0.008,0.260399616,2.75,2,7,Clusterwise RFT,3,9.474216771
0.004,0.288411143,2.75,2,10,Clusterwise RFT,3,9.667641531
0.056,0.313560038,2.75,2,15,Clusterwise RFT,3,9.656805045
0.016,0.328799232,2.75,2,20,Clusterwise RFT,3,9.45853037
0.036,0.349241114,2.75,2,30,Clusterwise RFT,3,9.378397307
0.02,0.366405379,2.75,2,45,Clusterwise RFT,3,9.565245175
0.02,0.379623439,2.75,2,60,Clusterwise RFT,3,9.512360216
0,0.000376561,2.75,2.25,2,Clusterwise RFT,3,9.834835153
0.004,0.231120077,2.75,2.25,5,Clusterwise RFT,3,9.574292388
0.008,0.269440922,2.75,2.25,7,Clusterwise RFT,3,9.465057336
0.02,0.297909702,2.75,2.25,10,Clusterwise RFT,3,9.440336719
0.028,0.323458213,2.75,2.25,15,Clusterwise RFT,3,9.498113085
0.036,0.339942363,2.75,2.25,20,Clusterwise RFT,3,9.333342553
0.044,0.35856292,2.75,2.25,30,Clusterwise RFT,3,9.668853808
0.028,0.375427474,2.75,2.25,45,Clusterwise RFT,3,9.366645853
0.036,0.389948127,2.75,2.25,60,Clusterwise RFT,3,9.443867391
0,0.000376561,2.75,2.5,2,Clusterwise RFT,3,9.365149282
0.012,0.239600384,2.75,2.5,5,Clusterwise RFT,3,9.75446792
0.012,0.278939481,2.75,2.5,7,Clusterwise RFT,3,9.300926756
0.016,0.30679731,2.75,2.5,10,Clusterwise RFT,3,9.314502537
0.008,0.331269933,2.75,2.5,15,Clusterwise RFT,3,9.353028918
0.036,0.347677233,2.75,2.5,20,Clusterwise RFT,3,9.426956068
0.02,0.367146974,2.75,2.5,30,Clusterwise RFT,3,9.446333472
0.024,0.384664745,2.75,2.5,45,Clusterwise RFT,3,9.36656974
0.044,0.396541787,2.75,2.5,60,Clusterwise RFT,3,9.409331305
0,0.000422671,2.75,2.75,2,Clusterwise RFT,3,9.677301277
0,0.248822286,2.75,2.75,5,Clusterwise RFT,3,9.535593369
0,0.28612488,2.75,2.75,7,Clusterwise RFT,3,9.349209606
0.016,0.314486071,2.75,2.75,10,Clusterwise RFT,3,9.271539185
0.02,0.339996158,2.75,2.75,15,Clusterwise RFT,3,9.598043343
0.032,0.356295869,2.75,2.75,20,Clusterwise RFT,3,9.38108309
0.044,0.374582133,2.75,2.75,30,Clusterwise RFT,3,9.338323769
0.024,0.391934678,2.75,2.75,45,Clusterwise RFT,3,9.42336493
0.056,0.406678194,2.75,2.75,60,Clusterwise RFT,3,9.554765634
0,0.002278578,2.75,3,2,Clusterwise RFT,3,8.649687043
0.004,0.255873199,2.75,3,5,Clusterwise RFT,3,9.641595877
0.004,0.29364073,2.75,3,7,Clusterwise RFT,3,9.262158643
0.008,0.32090682,2.75,3,10,Clusterwise RFT,3,9.63426467
0.032,0.347454371,2.75,3,15,Clusterwise RFT,3,9.411139904
0.032,0.360653218,2.75,3,20,Clusterwise RFT,3,9.41340213
0.04,0.382443804,2.75,3,30,Clusterwise RFT,3,9.370339949
0.032,0.399980788,2.75,3,45,Clusterwise RFT,3,9.448107215
0.036,0.41385975,2.75,3,60,Clusterwise RFT,3,9.488917443
0,0,3,0,2,Clusterwise RFT,3,9.312172501
0.004,9.71E-05,3,0,5,Clusterwise RFT,3,9.807073417
0.012,0.000173461,3,0,7,Clusterwise RFT,3,10.05585368
0.02,0.00030876,3,0,10,Clusterwise RFT,3,10.26823983
0.02,0.000111015,3,0,15,Clusterwise RFT,3,10.25681495
0.032,6.94E-06,3,0,20,Clusterwise RFT,3,10.30289671
0.028,0.000281006,3,0,30,Clusterwise RFT,3,10.35627164
0.044,0.000489159,3,0,45,Clusterwise RFT,3,10.14833056
0.02,0.000256722,3,0,60,Clusterwise RFT,3,10.25786671
0,0,3,0.1,2,Clusterwise RFT,3,10.49342295
0,0.000797918,3,0.1,5,Clusterwise RFT,3,10.13235061
0.012,0.002005204,3,0.1,7,Clusterwise RFT,3,9.630743177
0.012,0.007621856,3,0.1,10,Clusterwise RFT,3,10.28340031
0.028,0.020336513,3,0.1,15,Clusterwise RFT,3,10.44672229
0.008,0.037280139,3,0.1,20,Clusterwise RFT,3,10.26736619
0.008,0.064360798,3,0.1,30,Clusterwise RFT,3,10.3028448
0.032,0.092662619,3,0.1,45,Clusterwise RFT,3,10.35024859
0.02,0.109498699,3,0.1,60,Clusterwise RFT,3,10.29321751
0,0,3,0.25,2,Clusterwise RFT,3,10.19080163
0.012,0.012648742,3,0.25,5,Clusterwise RFT,3,10.76410271
0,0.044190807,3,0.25,7,Clusterwise RFT,3,10.25500938
0.02,0.083361665,3,0.25,10,Clusterwise RFT,3,10.155426
0.028,0.117686036,3,0.25,15,Clusterwise RFT,3,10.31145592
0.028,0.13652732,3,0.25,20,Clusterwise RFT,3,10.41210582
0.02,0.162962706,3,0.25,30,Clusterwise RFT,3,10.3835134
0.024,0.183125759,3,0.25,45,Clusterwise RFT,3,10.25888024
0.044,0.200915872,3,0.25,60,Clusterwise RFT,3,10.19424646
0,0,3,0.5,2,Clusterwise RFT,3,9.69034917
0.012,0.076052038,3,0.5,5,Clusterwise RFT,3,10.26973137
0.008,0.123267997,3,0.5,7,Clusterwise RFT,3,10.2998742
0.02,0.158709454,3,0.5,10,Clusterwise RFT,3,10.41702056
0.024,0.186667823,3,0.5,15,Clusterwise RFT,3,10.5701044
0.016,0.205384215,3,0.5,20,Clusterwise RFT,3,10.3222797
0.028,0.228721596,3,0.5,30,Clusterwise RFT,3,10.38663687
0.024,0.250050304,3,0.5,45,Clusterwise RFT,3,10.2718325
0.04,0.263757155,3,0.5,60,Clusterwise RFT,3,10.28569182
0,0,3,0.75,2,Clusterwise RFT,3,9.448263613
0.004,0.119611448,3,0.75,5,Clusterwise RFT,3,9.780814718
0.004,0.164565481,3,0.75,7,Clusterwise RFT,3,10.14342113
0.02,0.195802255,3,0.75,10,Clusterwise RFT,3,10.21749329
0.02,0.225432784,3,0.75,15,Clusterwise RFT,3,10.24118007
0.032,0.241502168,3,0.75,20,Clusterwise RFT,3,10.29906562
0.032,0.263996531,3,0.75,30,Clusterwise RFT,3,10.21209646
0.02,0.28355941,3,0.75,45,Clusterwise RFT,3,10.43457687
0.024,0.297529922,3,0.75,60,Clusterwise RFT,3,10.28984111
0,0,3,1,2,Clusterwise RFT,3,10.53525425
0,0.147552472,3,1,5,Clusterwise RFT,3,10.33998633
0.02,0.19230876,3,1,7,Clusterwise RFT,3,10.36609114
0.02,0.223833478,3,1,10,Clusterwise RFT,3,10.31244587
0.036,0.251916739,3,1,15,Clusterwise RFT,3,10.19651698
0.036,0.267500434,3,1,20,Clusterwise RFT,3,10.45620971
0.04,0.287902862,3,1,30,Clusterwise RFT,3,10.46671287
0.056,0.307434519,3,1,45,Clusterwise RFT,3,10.26818909
0.032,0.322189072,3,1,60,Clusterwise RFT,3,10.30437139
0,0,3,1.25,2,Clusterwise RFT,3,9.133812114
0,0.171181266,3,1.25,5,Clusterwise RFT,3,10.42676541
0.004,0.212423244,3,1.25,7,Clusterwise RFT,3,10.5551522
0.016,0.243330442,3,1.25,10,Clusterwise RFT,3,9.944279581
0.008,0.270359063,3,1.25,15,Clusterwise RFT,3,10.22582055
0.036,0.286511709,3,1.25,20,Clusterwise RFT,3,10.08909828
0.02,0.30848569,3,1.25,30,Clusterwise RFT,3,10.34804359
0.032,0.326712923,3,1.25,45,Clusterwise RFT,3,10.12518663
0.036,0.338383348,3,1.25,60,Clusterwise RFT,3,10.28309826
0,0,3,1.5,2,Clusterwise RFT,3,9.933457364
0.008,0.187722463,3,1.5,5,Clusterwise RFT,3,10.01603054
0.012,0.229779705,3,1.5,7,Clusterwise RFT,3,10.22540915
0.024,0.259004337,3,1.5,10,Clusterwise RFT,3,10.19067472
0.016,0.287111882,3,1.5,15,Clusterwise RFT,3,10.27122148
0.036,0.302799653,3,1.5,20,Clusterwise RFT,3,10.41679342
0.028,0.323170859,3,1.5,30,Clusterwise RFT,3,10.24639565
0.028,0.341633998,3,1.5,45,Clusterwise RFT,3,10.19880183
0.028,0.354660885,3,1.5,60,Clusterwise RFT,3,10.16825478
0,0,3,1.75,2,Clusterwise RFT,3,10.95871183
0,0.202338248,3,1.75,5,Clusterwise RFT,3,10.52928886
0.016,0.242660885,3,1.75,7,Clusterwise RFT,3,10.48346819
0.032,0.273051171,3,1.75,10,Clusterwise RFT,3,9.833571332
0.028,0.298685169,3,1.75,15,Clusterwise RFT,3,10.23609267
0.052,0.31481353,3,1.75,20,Clusterwise RFT,3,10.31209603
0.02,0.335073721,3,1.75,30,Clusterwise RFT,3,10.4161542
0.04,0.353470945,3,1.75,45,Clusterwise RFT,3,10.38963975
0.028,0.367666956,3,1.75,60,Clusterwise RFT,3,10.20147467
0,0.000211622,3,2,2,Clusterwise RFT,3,10.84197256
0.004,0.217519514,3,2,5,Clusterwise RFT,3,9.987250454
0.012,0.255462272,3,2,7,Clusterwise RFT,3,9.9836706
0.008,0.282764961,3,2,10,Clusterwise RFT,3,10.09081611
0.012,0.310952298,3,2,15,Clusterwise RFT,3,10.12975375
0.036,0.325484822,3,2,20,Clusterwise RFT,3,10.40295457
0.016,0.34628621,3,2,30,Clusterwise RFT,3,10.18434228
0.02,0.365686036,3,2,45,Clusterwise RFT,3,10.2676113
0.04,0.379632264,3,2,60,Clusterwise RFT,3,10.31007972
0,0.000444059,3,2.25,2,Clusterwise RFT,3,9.38312569
0.008,0.224971379,3,2.25,5,Clusterwise RFT,3,10.2584365
0,0.264624458,3,2.25,7,Clusterwise RFT,3,9.929148182
0.024,0.293661752,3,2.25,10,Clusterwise RFT,3,10.29249922
0.024,0.32162706,3,2.25,15,Clusterwise RFT,3,10.11079863
0.044,0.334647008,3,2.25,20,Clusterwise RFT,3,10.1786473
0.02,0.356537728,3,2.25,30,Clusterwise RFT,3,10.30920358
0.02,0.374705984,3,2.25,45,Clusterwise RFT,3,10.34807106
0.024,0.387774501,3,2.25,60,Clusterwise RFT,3,10.42624147
0,0.001075455,3,2.5,2,Clusterwise RFT,3,9.595119765
0,0.235972246,3,2.5,5,Clusterwise RFT,3,9.76609649
0,0.273675629,3,2.5,7,Clusterwise RFT,3,10.66996852
0.016,0.304718127,3,2.5,10,Clusterwise RFT,3,10.14401943
0.028,0.327587164,3,2.5,15,Clusterwise RFT,3,10.36925282
0.036,0.343375542,3,2.5,20,Clusterwise RFT,3,10.35776397
0.02,0.365519514,3,2.5,30,Clusterwise RFT,3,10.32067679
0.048,0.386168257,3,2.5,45,Clusterwise RFT,3,10.23713615
0.036,0.395413703,3,2.5,60,Clusterwise RFT,3,10.22175037
0,0.001103209,3,2.75,2,Clusterwise RFT,3,9.897871778
0,0.244839549,3,2.75,5,Clusterwise RFT,3,9.786026518
0.012,0.281328708,3,2.75,7,Clusterwise RFT,3,10.39936429
0.02,0.310896791,3,2.75,10,Clusterwise RFT,3,10.44002378
0.04,0.337384215,3,2.75,15,Clusterwise RFT,3,10.20980184
0.028,0.3520451,3,2.75,20,Clusterwise RFT,3,10.435779
0.028,0.373162186,3,2.75,30,Clusterwise RFT,3,10.45079064
0.024,0.389908066,3,2.75,45,Clusterwise RFT,3,10.34107426
0.056,0.404111015,3,2.75,60,Clusterwise RFT,3,10.27746855
0,0.001644406,3,3,2,Clusterwise RFT,3,11.20684443
0.008,0.250431917,3,3,5,Clusterwise RFT,3,10.22902718
0,0.289550737,3,3,7,Clusterwise RFT,3,10.28033329
0.012,0.31903209,3,3,10,Clusterwise RFT,3,10.50360752
0.028,0.343722463,3,3,15,Clusterwise RFT,3,10.27177479
0.036,0.357810928,3,3,20,Clusterwise RFT,3,10.5480305
0.036,0.37969124,3,3,30,Clusterwise RFT,3,10.19278572
0.016,0.397391154,3,3,45,Clusterwise RFT,3,10.41837948
0.036,0.407240243,3,3,60,Clusterwise RFT,3,10.23512693
